{
  "best_val": 0.03220049402443692,
  "best_weights_path": "/scratch/rsadve1/Extended_UPAIR_Narval_b32m16_portable/optuna/runs_1dmrs/clean_b32_prb8_d256_40k_smart_u34610_1dmrs_stageA_wide_deep_d320_b6_r2/wide_deep_d320_b6_r2_trial_0013/checkpoints/best.weights.h5",
  "checkpoint_metrics": {
    "last_loss": -2.2349560260772705,
    "last_nmse_ls": 0.13088904321193695,
    "last_nmse_prop": 0.04137283191084862
  },
  "last_metrics": {
    "ebno_db": -2.702249526977539,
    "learning_rate": 0.000766230805311352,
    "loss": -2.2349560260772705,
    "loss_nll": -2.2403135299682617,
    "nmse_ls": 0.13088904321193695,
    "nmse_prop": 0.04137283191084862,
    "num_users": 4,
    "step": 2000,
    "step_elapsed_s": 241.59628042206168,
    "steps_per_s": 1.202864515274786,
    "training_elapsed_s": 1662.697647659108,
    "val_batch_size": 32,
    "val_ebno_db": "multi",
    "val_ebno_db_values": [
      -4.0,
      -2.0,
      0.0,
      2.0,
      4.0
    ],
    "val_microbatch_size": 16,
    "val_nmse_ls": 0.09647495396590482,
    "val_nmse_prop": 0.03220049402443692,
    "val_snr_hist": {
      "-2.0": 22,
      "-4.0": 20,
      "0.0": 20,
      "2.0": 23,
      "4.0": 11
    },
    "val_user_count_hist": {
      "1": 7,
      "2": 18,
      "3": 25,
      "4": 46
    }
  },
  "latest_step": 2000,
  "latest_training_state_checkpoint": "/scratch/rsadve1/Extended_UPAIR_Narval_b32m16_portable/optuna/runs_1dmrs/clean_b32_prb8_d256_40k_smart_u34610_1dmrs_stageA_wide_deep_d320_b6_r2/wide_deep_d320_b6_r2_trial_0013/checkpoints/training_state/ckpt-2000",
  "resume_enabled": true,
  "save_reason": "periodic",
  "total_steps": 4000,
  "training_complete": false,
  "training_parameters": {
    "batch_size_eval": 32,
    "batch_size_train": 32,
    "current_learning_rate": 0.000766230805311352,
    "eval_every": 1000,
    "evaluation_seed": 1007,
    "grad_clip_norm": 0.5,
    "learning_rate": 0.0010630433260131605,
    "learning_rate_schedule": {
      "decay_rate": 0.96,
      "decay_steps": 5000.0,
      "final_fraction": 0.13274173302885234,
      "learning_rate": 0.0010630433260131605,
      "polynomial_power": 0.7610850675790604,
      "restart_first_decay_steps": 2500.0,
      "restart_m_mul": 0.8,
      "restart_t_mul": 2.0,
      "schedule": "polynomial_decay"
    },
    "memory_cleanup_every_steps": 100,
    "nmse_loss_weight": 0.1294932235864866,
    "seed": 7,
    "training_seed": 7,
    "val_microbatch_size": 16,
    "val_steps": 96,
    "weight_decay": 0.00010258339335491634
  }
}