{
  "best_val": 0.06385656479202832,
  "best_weights_path": "/lustre10/scratch/rsadve1/Extended_UPAIR_Narval_b32m16_portable_underUMI/UMI_training/runs_rx16/seed7/1dmrs/narrow_d192_b4_r2/checkpoints/best.weights.h5",
  "checkpoint_metrics": {
    "last_loss": -1.7011642456054688,
    "last_nmse_ls": 0.12795843183994293,
    "last_nmse_prop": 0.07134023308753967
  },
  "last_metrics": {
    "ebno_db": -1.918961524963379,
    "learning_rate": 0.0009086225181818008,
    "loss": -1.7011642456054688,
    "loss_nll": -1.724875807762146,
    "nmse_ls": 0.12795843183994293,
    "nmse_prop": 0.07134023308753967,
    "num_users": 3,
    "step": 13000,
    "step_elapsed_s": 0.32537310011684895,
    "steps_per_s": 2.2150971098197387,
    "training_elapsed_s": 5868.817191973096
  },
  "latest_step": 13000,
  "latest_training_state_checkpoint": "/lustre10/scratch/rsadve1/Extended_UPAIR_Narval_b32m16_portable_underUMI/UMI_training/runs_rx16/seed7/1dmrs/narrow_d192_b4_r2/checkpoints/training_state/ckpt-13000",
  "resume_enabled": true,
  "save_reason": "periodic",
  "total_steps": 40000,
  "training_complete": false,
  "training_parameters": {
    "batch_size_eval": 16,
    "batch_size_train": 16,
    "current_learning_rate": 0.0009086225181818008,
    "eval_every": 2000,
    "evaluation_seed": 1007,
    "grad_clip_norm": 0.5,
    "learning_rate": 0.0011491657621620945,
    "learning_rate_schedule": {
      "decay_rate": 0.96,
      "decay_steps": 40000.0,
      "final_fraction": 0.12314726850796402,
      "learning_rate": 0.0011491657621620945,
      "polynomial_power": 1.0,
      "restart_first_decay_steps": 2500.0,
      "restart_m_mul": 0.8,
      "restart_t_mul": 2.0,
      "schedule": "cosine_decay"
    },
    "memory_cleanup_every_steps": 25,
    "nmse_loss_weight": 0.33237260946602054,
    "seed": 7,
    "training_seed": 7,
    "val_microbatch_size": 8,
    "val_steps": 96,
    "weight_decay": 2.7524556084291565e-07
  }
}