{
  "best_val": 0.09304253803566098,
  "best_weights_path": "/scratch/rsadve1/Extended_UPAIR_Narval_b32m16_portable_underUMI/UMI_training/smoke/seed7/1dmrs/narrow_d192_b4_r2/checkpoints/best.weights.h5",
  "checkpoint_metrics": {
    "last_loss": -1.558166265487671,
    "last_nmse_ls": 0.07805619388818741,
    "last_nmse_prop": 0.07616320997476578
  },
  "last_metrics": {
    "ebno_db": 1.2564353942871094,
    "learning_rate": 0.0008722091442905366,
    "loss": -1.558166265487671,
    "loss_nll": -1.5862197875976562,
    "nmse_ls": 0.07805619388818741,
    "nmse_prop": 0.07616320997476578,
    "num_users": 3,
    "step": 200,
    "step_elapsed_s": 22.141340234782547,
    "steps_per_s": 1.1656863579426595,
    "training_elapsed_s": 171.57273793010972,
    "val_batch_size": 16,
    "val_ebno_db": "multi",
    "val_ebno_db_values": [
      -4.0,
      -2.0,
      0.0,
      2.0,
      4.0
    ],
    "val_microbatch_size": 8,
    "val_nmse_ls": 0.09757330516974132,
    "val_nmse_prop": 0.09394935394326846,
    "val_snr_hist": {
      "-2.0": 3,
      "-4.0": 1,
      "0.0": 2,
      "2.0": 3,
      "4.0": 3
    },
    "val_user_count_hist": {
      "1": 1,
      "2": 1,
      "3": 7,
      "4": 3
    }
  },
  "latest_step": 200,
  "latest_training_state_checkpoint": "/scratch/rsadve1/Extended_UPAIR_Narval_b32m16_portable_underUMI/UMI_training/smoke/seed7/1dmrs/narrow_d192_b4_r2/checkpoints/training_state/ckpt-200",
  "resume_enabled": false,
  "save_reason": "final",
  "total_steps": 200,
  "training_complete": true,
  "training_parameters": {
    "batch_size_eval": 16,
    "batch_size_train": 32,
    "current_learning_rate": 0.0008722091442905366,
    "eval_every": 100,
    "evaluation_seed": 1007,
    "grad_clip_norm": 0.5,
    "learning_rate": 0.0008722091201558823,
    "learning_rate_schedule": {
      "decay_rate": 0.96,
      "decay_steps": 200.0,
      "final_fraction": 0.05,
      "learning_rate": 0.0008722091201558823,
      "polynomial_power": 1.0,
      "restart_first_decay_steps": 2500.0,
      "restart_m_mul": 0.8,
      "restart_t_mul": 2.0,
      "schedule": "constant"
    },
    "memory_cleanup_every_steps": 100,
    "nmse_loss_weight": 0.36833494384383136,
    "seed": 7,
    "training_seed": 7,
    "val_microbatch_size": 8,
    "val_steps": 12,
    "weight_decay": 2.363899423796963e-06
  }
}