{
  "best_val": 0.03210781292485384,
  "best_weights_path": "/scratch/rsadve1/Extended_UPAIR_Narval_b32m16_portable/optuna/runs_1dmrs/clean_b32_prb8_d256_40k_smart_u34610_1dmrs_stageA_narrow_d192_b4_r2/narrow_d192_b4_r2_trial_0019/checkpoints/best.weights.h5",
  "checkpoint_metrics": {
    "last_loss": -2.1894397735595703,
    "last_nmse_ls": 0.15091237425804138,
    "last_nmse_prop": 0.0430571548640728
  },
  "last_metrics": {
    "ebno_db": -3.3554575443267822,
    "learning_rate": 0.0009786770679056644,
    "loss": -2.1894397735595703,
    "loss_nll": -2.2025766372680664,
    "nmse_ls": 0.15091237425804138,
    "nmse_prop": 0.0430571548640728,
    "num_users": 3,
    "step": 4000,
    "step_elapsed_s": 167.01223019417375,
    "steps_per_s": 1.637005226556557,
    "training_elapsed_s": 2443.486395223066,
    "val_batch_size": 32,
    "val_ebno_db": "multi",
    "val_ebno_db_values": [
      -4.0,
      -2.0,
      0.0,
      2.0,
      4.0
    ],
    "val_microbatch_size": 16,
    "val_nmse_ls": 0.0969390519700634,
    "val_nmse_prop": 0.03210781292485384,
    "val_snr_hist": {
      "-2.0": 21,
      "-4.0": 21,
      "0.0": 22,
      "2.0": 17,
      "4.0": 15
    },
    "val_user_count_hist": {
      "1": 5,
      "2": 16,
      "3": 25,
      "4": 50
    }
  },
  "latest_step": 4000,
  "latest_training_state_checkpoint": "/scratch/rsadve1/Extended_UPAIR_Narval_b32m16_portable/optuna/runs_1dmrs/clean_b32_prb8_d256_40k_smart_u34610_1dmrs_stageA_narrow_d192_b4_r2/narrow_d192_b4_r2_trial_0019/checkpoints/training_state/ckpt-4000",
  "resume_enabled": true,
  "save_reason": "final",
  "total_steps": 4000,
  "training_complete": true,
  "training_parameters": {
    "batch_size_eval": 32,
    "batch_size_train": 32,
    "current_learning_rate": 0.0009786770679056644,
    "eval_every": 1000,
    "evaluation_seed": 1007,
    "grad_clip_norm": 0.5,
    "learning_rate": 0.0009786770433838966,
    "learning_rate_schedule": {
      "decay_rate": 0.96,
      "decay_steps": 4000.0,
      "final_fraction": 0.05,
      "learning_rate": 0.0009786770433838966,
      "polynomial_power": 1.0,
      "restart_first_decay_steps": 2500.0,
      "restart_m_mul": 0.8,
      "restart_t_mul": 2.0,
      "schedule": "constant"
    },
    "memory_cleanup_every_steps": 100,
    "nmse_loss_weight": 0.3051009753811951,
    "seed": 7,
    "training_seed": 7,
    "val_microbatch_size": 16,
    "val_steps": 96,
    "weight_decay": 1.7112546331118726e-06
  }
}