{
  "params": {
    "batch_size_eval": 32,
    "batch_size_train": 32,
    "dropout": 0.008215714857985945,
    "grad_clip_norm": 0.5,
    "learning_rate": 0.0011491657621620945,
    "learning_rate_decay_fraction": 1.0,
    "learning_rate_final_fraction": 0.12314726850796402,
    "learning_rate_polynomial_power": 1.0,
    "learning_rate_schedule": "cosine_decay",
    "nmse_loss_weight": 0.33237260946602054,
    "residual_scale": 0.6176862463506574,
    "weight_decay": 2.7524556084291565e-07
  },
  "stage": "A",
  "study_name": "umiNorm_v1_b32_prb8_u34610_1dmrs_stageA_narrow_d192_b4_r2",
  "trial_id": 19,
  "trial_number": 18
}