{
  "best_val": 0.05554902571990775,
  "best_weights_path": "/lustre10/scratch/rsadve1/Extended_UPAIR_Narval_b32m16_portable_underUMI/optuna/runs_1dmrs/umiNorm_v1_b32_prb8_u34610_1dmrs_stageB_deep_d256_b6_r2/deep_d256_b6_r2_trial_0001/checkpoints/best.weights.h5",
  "checkpoint_metrics": {
    "last_loss": -1.3216791152954102,
    "last_nmse_ls": 0.25030577182769775,
    "last_nmse_prop": 0.10387906432151794
  },
  "last_metrics": {
    "ebno_db": -5.393690586090088,
    "learning_rate": 0.00016149198927450925,
    "loss": -1.3216791152954102,
    "loss_nll": -1.3529211282730103,
    "nmse_ls": 0.25030577182769775,
    "nmse_prop": 0.10387906432151794,
    "num_users": 3,
    "step": 12000,
    "step_elapsed_s": 227.97226046188734,
    "steps_per_s": 1.5340024537576376,
    "training_elapsed_s": 7822.673275785986,
    "val_batch_size": 16,
    "val_ebno_db": "multi",
    "val_ebno_db_values": [
      -4.0,
      -2.0,
      0.0,
      2.0,
      4.0
    ],
    "val_microbatch_size": 8,
    "val_nmse_ls": 0.10803883707073207,
    "val_nmse_prop": 0.05602896553076183,
    "val_snr_hist": {
      "-2.0": 23,
      "-4.0": 16,
      "0.0": 19,
      "2.0": 24,
      "4.0": 14
    },
    "val_user_count_hist": {
      "1": 9,
      "2": 11,
      "3": 28,
      "4": 48
    }
  },
  "latest_step": 12000,
  "latest_training_state_checkpoint": "/lustre10/scratch/rsadve1/Extended_UPAIR_Narval_b32m16_portable_underUMI/optuna/runs_1dmrs/umiNorm_v1_b32_prb8_u34610_1dmrs_stageB_deep_d256_b6_r2/deep_d256_b6_r2_trial_0001/checkpoints/training_state/ckpt-12000",
  "resume_enabled": true,
  "save_reason": "final",
  "total_steps": 12000,
  "training_complete": true,
  "training_parameters": {
    "batch_size_eval": 16,
    "batch_size_train": 16,
    "current_learning_rate": 0.00016149198927450925,
    "eval_every": 1000,
    "evaluation_seed": 1007,
    "grad_clip_norm": 0.5,
    "learning_rate": 0.0009592546085393783,
    "learning_rate_schedule": {
      "decay_rate": 0.96,
      "decay_steps": 15000.0,
      "final_fraction": 0.1311613586599023,
      "learning_rate": 0.0009592546085393783,
      "polynomial_power": 1.9583023083951345,
      "restart_first_decay_steps": 2500.0,
      "restart_m_mul": 0.8,
      "restart_t_mul": 2.0,
      "schedule": "polynomial_decay"
    },
    "memory_cleanup_every_steps": 25,
    "nmse_loss_weight": 0.30075331676229844,
    "seed": 7,
    "training_seed": 7,
    "val_microbatch_size": 8,
    "val_steps": 96,
    "weight_decay": 1.1466706433076556e-07
  }
}