{
  "params": {
    "batch_size_eval": 32,
    "batch_size_train": 32,
    "dropout": 0.043476175858505064,
    "grad_clip_norm": 2.0,
    "learning_rate": 0.0010548499533547578,
    "learning_rate_decay_fraction": 0.75,
    "learning_rate_final_fraction": 0.058921635219355374,
    "learning_rate_polynomial_power": 1.0,
    "learning_rate_schedule": "cosine_decay",
    "nmse_loss_weight": 0.2126307509285924,
    "residual_scale": 0.4557687346469892,
    "weight_decay": 1.3109868544569952e-07
  },
  "stage": "A",
  "study_name": "umiNorm_v1_b32_prb8_u34610_1dmrs_stageA_mlpwide_d256_b4_r4",
  "trial_id": 19,
  "trial_number": 18
}