{
  "best_val": 0.05511200928594917,
  "best_weights_path": "/lustre10/scratch/rsadve1/Extended_UPAIR_Narval_b32m16_portable_underUMI/optuna/runs_1dmrs/umiNorm_v1_b32_prb8_u34610_1dmrs_stageB_main_d256_b4_r2/main_d256_b4_r2_trial_0001/checkpoints/best.weights.h5",
  "checkpoint_metrics": {
    "last_loss": -2.023674249649048,
    "last_nmse_ls": 0.08810931444168091,
    "last_nmse_prop": 0.05803070589900017
  },
  "last_metrics": {
    "ebno_db": 1.6697449684143066,
    "learning_rate": 0.0009643418597988784,
    "loss": -2.023674249649048,
    "loss_nll": -2.0331053733825684,
    "nmse_ls": 0.08810931444168091,
    "nmse_prop": 0.05803070589900017,
    "num_users": 4,
    "step": 8262,
    "step_elapsed_s": 0.4208623570011696,
    "steps_per_s": 1.7682369284782695,
    "training_elapsed_s": 4672.450771125004
  },
  "latest_step": 8262,
  "latest_training_state_checkpoint": "/lustre10/scratch/rsadve1/Extended_UPAIR_Narval_b32m16_portable_underUMI/optuna/runs_1dmrs/umiNorm_v1_b32_prb8_u34610_1dmrs_stageB_main_d256_b4_r2/main_d256_b4_r2_trial_0001/checkpoints/training_state/ckpt-8262",
  "resume_enabled": true,
  "save_reason": "resource_exhausted",
  "total_steps": 12000,
  "training_complete": false,
  "training_parameters": {
    "batch_size_eval": 32,
    "batch_size_train": 32,
    "current_learning_rate": 0.0009643418597988784,
    "eval_every": 1000,
    "evaluation_seed": 1007,
    "grad_clip_norm": 0.5,
    "learning_rate": 0.0009643418646698049,
    "learning_rate_schedule": {
      "decay_rate": 0.96,
      "decay_steps": 12000.0,
      "final_fraction": 0.05,
      "learning_rate": 0.0009643418646698049,
      "polynomial_power": 1.0,
      "restart_first_decay_steps": 2500.0,
      "restart_m_mul": 0.8,
      "restart_t_mul": 2.0,
      "schedule": "constant"
    },
    "memory_cleanup_every_steps": 100,
    "nmse_loss_weight": 0.16251789877216094,
    "seed": 7,
    "training_seed": 7,
    "val_microbatch_size": 16,
    "val_steps": 96,
    "weight_decay": 1.2083509754787337e-07
  }
}