{
  "best_val": 0.019977016422975186,
  "best_weights_path": "/scratch/rsadve1/Extended_UPAIR_Narval_b32m16_portable/TWC_plots_comprehensive/runs_rx16/seed7/1dmrs/deep_d256_b6_r2/checkpoints/best.weights.h5",
  "checkpoint_metrics": {
    "last_loss": -3.02797269821167,
    "last_nmse_ls": 0.09753213077783585,
    "last_nmse_prop": 0.02021043933928013
  },
  "last_metrics": {
    "ebno_db": -1.2238612174987793,
    "learning_rate": 6.522877083625644e-05,
    "loss": -3.02797269821167,
    "loss_nll": -3.030897617340088,
    "nmse_ls": 0.09753213077783585,
    "nmse_prop": 0.02021043933928013,
    "num_users": 3,
    "step": 40000,
    "step_elapsed_s": 254.07469628658146,
    "steps_per_s": 1.5720976370597008,
    "training_elapsed_s": 25443.71230963245,
    "val_batch_size": 32,
    "val_ebno_db": "multi",
    "val_ebno_db_values": [
      -4.0,
      -2.0,
      0.0,
      2.0,
      4.0
    ],
    "val_microbatch_size": 16,
    "val_nmse_ls": 0.08720558080434178,
    "val_nmse_prop": 0.019977016422975186,
    "val_snr_hist": {
      "-2.0": 17,
      "-4.0": 16,
      "0.0": 23,
      "2.0": 17,
      "4.0": 23
    },
    "val_user_count_hist": {
      "1": 3,
      "2": 10,
      "3": 29,
      "4": 54
    }
  },
  "latest_step": 40000,
  "latest_training_state_checkpoint": "/scratch/rsadve1/Extended_UPAIR_Narval_b32m16_portable/TWC_plots_comprehensive/runs_rx16/seed7/1dmrs/deep_d256_b6_r2/checkpoints/training_state/ckpt-40000",
  "resume_enabled": true,
  "save_reason": "final",
  "total_steps": 40000,
  "training_complete": true,
  "training_parameters": {
    "batch_size_eval": 32,
    "batch_size_train": 32,
    "current_learning_rate": 6.522877083625644e-05,
    "eval_every": 2000,
    "evaluation_seed": 1007,
    "grad_clip_norm": 0.5,
    "learning_rate": 0.0011389546245759569,
    "learning_rate_schedule": {
      "decay_rate": 0.96,
      "decay_steps": 30000.0,
      "final_fraction": 0.05727073689446709,
      "learning_rate": 0.0011389546245759569,
      "polynomial_power": 1.0,
      "restart_first_decay_steps": 2500.0,
      "restart_m_mul": 0.8,
      "restart_t_mul": 2.0,
      "schedule": "cosine_decay"
    },
    "memory_cleanup_every_steps": 100,
    "nmse_loss_weight": 0.14471917040146945,
    "seed": 7,
    "training_seed": 7,
    "val_microbatch_size": 16,
    "val_steps": 96,
    "weight_decay": 2.2392225291228357e-07
  }
}