{
  "best_val": 0.06034190168914696,
  "best_weights_path": "/lustre10/scratch/rsadve1/Extended_UPAIR_Narval_b32m16_portable_underUMI/UMI_training/runs_rx16/seed7/1dmrs/deep_d256_b6_r2/checkpoints/best.weights.h5",
  "checkpoint_metrics": {
    "last_loss": -1.7542309761047363,
    "last_nmse_ls": 0.12070772051811218,
    "last_nmse_prop": 0.07272711396217346
  },
  "last_metrics": {
    "ebno_db": -0.479982852935791,
    "learning_rate": 0.0009643418597988784,
    "loss": -1.7542309761047363,
    "loss_nll": -1.7660504579544067,
    "nmse_ls": 0.12070772051811218,
    "nmse_prop": 0.07272711396217346,
    "num_users": 4,
    "step": 11000,
    "step_elapsed_s": 0.3940193699672818,
    "steps_per_s": 1.9340984234719267,
    "training_elapsed_s": 5687.404460137943
  },
  "latest_step": 11000,
  "latest_training_state_checkpoint": "/lustre10/scratch/rsadve1/Extended_UPAIR_Narval_b32m16_portable_underUMI/UMI_training/runs_rx16/seed7/1dmrs/deep_d256_b6_r2/checkpoints/training_state/ckpt-11000",
  "resume_enabled": true,
  "save_reason": "periodic",
  "total_steps": 40000,
  "training_complete": false,
  "training_parameters": {
    "batch_size_eval": 16,
    "batch_size_train": 16,
    "current_learning_rate": 0.0009643418597988784,
    "eval_every": 2000,
    "evaluation_seed": 1007,
    "grad_clip_norm": 0.5,
    "learning_rate": 0.0009643418646698049,
    "learning_rate_schedule": {
      "decay_rate": 0.96,
      "decay_steps": 40000.0,
      "final_fraction": 0.05,
      "learning_rate": 0.0009643418646698049,
      "polynomial_power": 1.0,
      "restart_first_decay_steps": 2500.0,
      "restart_m_mul": 0.8,
      "restart_t_mul": 2.0,
      "schedule": "constant"
    },
    "memory_cleanup_every_steps": 25,
    "nmse_loss_weight": 0.16251789877216094,
    "seed": 7,
    "training_seed": 7,
    "val_microbatch_size": 8,
    "val_steps": 96,
    "weight_decay": 1.2083509754787337e-07
  }
}