{
  "best_val": 0.04812194519521048,
  "best_weights_path": "/lustre10/scratch/rsadve1/Extended_UPAIR_Narval_b32m16_portable_underUMI/UMI_training/runs_rx16/seed7/1dmrs/deep_d256_b6_r2/checkpoints/best.weights.h5",
  "checkpoint_metrics": {
    "last_loss": -2.520982027053833,
    "last_nmse_ls": 0.064722441136837,
    "last_nmse_prop": 0.03576364740729332
  },
  "last_metrics": {
    "ebno_db": 2.661161422729492,
    "learning_rate": 0.0009643418597988784,
    "loss": -2.520982027053833,
    "loss_nll": -2.526794195175171,
    "nmse_ls": 0.064722441136837,
    "nmse_prop": 0.03576364740729332,
    "num_users": 3,
    "step": 38000,
    "step_elapsed_s": 199.5036938241683,
    "steps_per_s": 1.7716710265010798,
    "training_elapsed_s": 21448.67722708499,
    "val_batch_size": 16,
    "val_ebno_db": "multi",
    "val_ebno_db_values": [
      -4.0,
      -2.0,
      0.0,
      2.0,
      4.0
    ],
    "val_microbatch_size": 8,
    "val_nmse_ls": 0.10999289005606745,
    "val_nmse_prop": 0.04868154686604006,
    "val_snr_hist": {
      "-2.0": 18,
      "-4.0": 19,
      "0.0": 24,
      "2.0": 10,
      "4.0": 25
    },
    "val_user_count_hist": {
      "1": 4,
      "2": 13,
      "3": 26,
      "4": 53
    }
  },
  "latest_step": 38000,
  "latest_training_state_checkpoint": "/lustre10/scratch/rsadve1/Extended_UPAIR_Narval_b32m16_portable_underUMI/UMI_training/runs_rx16/seed7/1dmrs/deep_d256_b6_r2/checkpoints/training_state/ckpt-38000",
  "resume_enabled": true,
  "save_reason": "periodic",
  "total_steps": 40000,
  "training_complete": false,
  "training_parameters": {
    "batch_size_eval": 16,
    "batch_size_train": 16,
    "current_learning_rate": 0.0009643418597988784,
    "eval_every": 2000,
    "evaluation_seed": 1007,
    "grad_clip_norm": 0.5,
    "learning_rate": 0.0009643418646698049,
    "learning_rate_schedule": {
      "decay_rate": 0.96,
      "decay_steps": 40000.0,
      "final_fraction": 0.05,
      "learning_rate": 0.0009643418646698049,
      "polynomial_power": 1.0,
      "restart_first_decay_steps": 2500.0,
      "restart_m_mul": 0.8,
      "restart_t_mul": 2.0,
      "schedule": "constant"
    },
    "memory_cleanup_every_steps": 25,
    "nmse_loss_weight": 0.16251789877216094,
    "seed": 7,
    "training_seed": 7,
    "val_microbatch_size": 8,
    "val_steps": 96,
    "weight_decay": 1.2083509754787337e-07
  }
}