{
  "best_val": 0.06451101118000224,
  "best_weights_path": "/lustre10/scratch/rsadve1/Extended_UPAIR_Narval_b32m16_portable_underUMI/optuna/runs_1dmrs/umiNorm_v1_b32_prb8_u34610_1dmrs_stageB_wide_d320_b4_r2/wide_d320_b4_r2_trial_0004/checkpoints/best.weights.h5",
  "checkpoint_metrics": {
    "last_loss": -1.8791921138763428,
    "last_nmse_ls": 0.11291080713272095,
    "last_nmse_prop": 0.060648661106824875
  },
  "last_metrics": {
    "ebno_db": -1.706817626953125,
    "learning_rate": 1.0545277291384991e-05,
    "loss": -1.8791921138763428,
    "loss_nll": -1.8827176094055176,
    "nmse_ls": 0.11291080713272095,
    "nmse_prop": 0.060648661106824875,
    "num_users": 3,
    "step": 9000,
    "step_elapsed_s": 166.87065683910623,
    "steps_per_s": 1.737559204431904,
    "training_elapsed_s": 5179.679620150011,
    "val_batch_size": 8,
    "val_ebno_db": "multi",
    "val_ebno_db_values": [
      -4.0,
      -2.0,
      0.0,
      2.0,
      4.0
    ],
    "val_microbatch_size": 4,
    "val_nmse_ls": 0.11544723471160978,
    "val_nmse_prop": 0.06860445018780108,
    "val_snr_hist": {
      "-2.0": 24,
      "-4.0": 21,
      "0.0": 17,
      "2.0": 20,
      "4.0": 14
    },
    "val_user_count_hist": {
      "1": 4,
      "2": 11,
      "3": 31,
      "4": 50
    }
  },
  "latest_step": 9000,
  "latest_training_state_checkpoint": "/lustre10/scratch/rsadve1/Extended_UPAIR_Narval_b32m16_portable_underUMI/optuna/runs_1dmrs/umiNorm_v1_b32_prb8_u34610_1dmrs_stageB_wide_d320_b4_r2/wide_d320_b4_r2_trial_0004/checkpoints/training_state/ckpt-9000",
  "resume_enabled": true,
  "save_reason": "periodic",
  "total_steps": 12000,
  "training_complete": false,
  "training_parameters": {
    "batch_size_eval": 8,
    "batch_size_train": 8,
    "current_learning_rate": 1.0545277291384991e-05,
    "eval_every": 1000,
    "evaluation_seed": 1007,
    "grad_clip_norm": 0.5,
    "learning_rate": 0.0004568972058255479,
    "learning_rate_schedule": {
      "decay_rate": 0.96,
      "decay_steps": 9000.0,
      "final_fraction": 0.02308016679308127,
      "learning_rate": 0.0004568972058255479,
      "polynomial_power": 1.0,
      "restart_first_decay_steps": 2500.0,
      "restart_m_mul": 0.8,
      "restart_t_mul": 2.0,
      "schedule": "cosine_decay"
    },
    "memory_cleanup_every_steps": 10,
    "nmse_loss_weight": 0.05813033561196787,
    "seed": 7,
    "training_seed": 7,
    "val_microbatch_size": 4,
    "val_steps": 96,
    "weight_decay": 9.040091747332144e-06
  }
}