{
  "input_root": "/home/rsadve1/scratch/Extended_UPAIR_Narval_b32m16_portable/_final_u3_baseline_chunks",
  "num_input_chunks": 100,
  "num_merged_rows": 1,
  "output_csv": "/home/rsadve1/scratch/Extended_UPAIR_Narval_b32m16_portable/_final_u3_baseline_chunks/merged_main_d256_b4_r2_u3_perfect_csi_lmmse_em1.csv",
  "rows": [
    {
      "ber": 2.8666834677419355e-06,
      "ber_zero_error_upper_bound": NaN,
      "bit_errors": 3276,
      "bler": 7.552083333333334e-05,
      "bler_zero_error_upper_bound": NaN,
      "block_errors": 29,
      "chunk_indices": "0,1,2,3,4,5,6,7,8,9,10,11,12,13,14,15,16,17,18,19,20,21,22,23,24,25,26,27,28,29,30,31,32,33,34,35,36,37,38,39,40,41,42,43,44,45,46,47,48,49,50,51,52,53,54,55,56,57,58,59,60,61,62,63,64,65,66,67,68,69,70,71,72,73,74,75,76,77,78,79,80,81,82,83,84,85,86,87,88,89,90,91,92,93,94,95,96,97,98,99",
      "data_elapsed_s": 5798.361253018607,
      "dmrs_case": "1dmrs",
      "ebno_db": -1.0,
      "mc_stop_reason": "isolated_chunk_merge",
      "nmse": NaN,
      "num_batches_run": 2000,
      "num_bits": 1142784000,
      "num_blocks": 384000,
      "num_chunks": 100,
      "num_users": 3,
      "point_elapsed_s": 19176.91275874048,
      "receiver": "perfect_csi_lmmse",
      "receiver_elapsed_s": 11975.97804511129,
      "receiver_ms_per_batch": 5987.989022555645,
      "receiver_ms_per_frame": 31.18744282581065,
      "reliable_ber": true,
      "reliable_bler": false,
      "seed": 7,
      "target_bler_floor": NaN,
      "training_seed": 7,
      "variant": "main_d256_b4_r2"
    }
  ]
}