{
  "params": {
    "batch_size_eval": 32,
    "batch_size_train": 32,
    "dropout": 0.026114752813991025,
    "grad_clip_norm": 0.5,
    "learning_rate": 0.0010058064262965074,
    "learning_rate_decay_fraction": 1.0,
    "learning_rate_final_fraction": 0.09471836299232621,
    "learning_rate_polynomial_power": 1.0,
    "learning_rate_schedule": "cosine_decay",
    "nmse_loss_weight": 0.12637689528329993,
    "residual_scale": 0.41471913345281225,
    "weight_decay": 9.234107402947983e-05
  },
  "stage": "A",
  "study_name": "clean_b32_prb8_d256_40k_smart_u34610_1dmrs_stageA_wide_d320_b4_r2",
  "trial_id": 18,
  "trial_number": 17
}