{
  "best_val": 0.02933166014069381,
  "best_weights_path": "/scratch/rsadve1/Extended_UPAIR_Narval_b32m16_portable/optuna/runs_1dmrs/clean_b32_prb8_d256_40k_smart_u34610_1dmrs_stageA_mlpwide_d256_b4_r4/mlpwide_d256_b4_r4_trial_0012/checkpoints/best.weights.h5",
  "checkpoint_metrics": {
    "last_loss": -2.3184258937835693,
    "last_nmse_ls": 0.14909768104553223,
    "last_nmse_prop": 0.03804081305861473
  },
  "last_metrics": {
    "ebno_db": -3.3554575443267822,
    "learning_rate": 0.00020211668743286282,
    "loss": -2.3184258937835693,
    "loss_nll": -2.3242313861846924,
    "nmse_ls": 0.14909768104553223,
    "nmse_prop": 0.03804081305861473,
    "num_users": 3,
    "step": 4000,
    "step_elapsed_s": 148.5808692141436,
    "steps_per_s": 1.4920404132234415,
    "training_elapsed_s": 2680.892531160265,
    "val_batch_size": 32,
    "val_ebno_db": "multi",
    "val_ebno_db_values": [
      -4.0,
      -2.0,
      0.0,
      2.0,
      4.0
    ],
    "val_microbatch_size": 16,
    "val_nmse_ls": 0.0967541149390551,
    "val_nmse_prop": 0.02933166014069381,
    "val_snr_hist": {
      "-2.0": 21,
      "-4.0": 21,
      "0.0": 22,
      "2.0": 17,
      "4.0": 15
    },
    "val_user_count_hist": {
      "1": 5,
      "2": 16,
      "3": 25,
      "4": 50
    }
  },
  "latest_step": 4000,
  "latest_training_state_checkpoint": "/scratch/rsadve1/Extended_UPAIR_Narval_b32m16_portable/optuna/runs_1dmrs/clean_b32_prb8_d256_40k_smart_u34610_1dmrs_stageA_mlpwide_d256_b4_r4/mlpwide_d256_b4_r4_trial_0012/checkpoints/training_state/ckpt-4000",
  "resume_enabled": true,
  "save_reason": "final",
  "total_steps": 4000,
  "training_complete": true,
  "training_parameters": {
    "batch_size_eval": 32,
    "batch_size_train": 32,
    "current_learning_rate": 0.00020211668743286282,
    "eval_every": 1000,
    "evaluation_seed": 1007,
    "grad_clip_norm": 0.5,
    "learning_rate": 0.0011777884555567242,
    "learning_rate_schedule": {
      "decay_rate": 0.96,
      "decay_steps": 5000.0,
      "final_fraction": 0.13171744960705922,
      "learning_rate": 0.0011777884555567242,
      "polynomial_power": 1.9151519915268624,
      "restart_first_decay_steps": 2500.0,
      "restart_m_mul": 0.8,
      "restart_t_mul": 2.0,
      "schedule": "polynomial_decay"
    },
    "memory_cleanup_every_steps": 100,
    "nmse_loss_weight": 0.15261361241931337,
    "seed": 7,
    "training_seed": 7,
    "val_microbatch_size": 16,
    "val_steps": 96,
    "weight_decay": 1.0939086109681177e-07
  }
}