{
  "params": {
    "batch_size_eval": 16,
    "batch_size_train": 16,
    "dropout": 0.02639429712150497,
    "grad_clip_norm": 0.5,
    "learning_rate": 0.0005712916127949584,
    "learning_rate_decay_fraction": 1.25,
    "learning_rate_final_fraction": 0.02159904793462117,
    "learning_rate_polynomial_power": 1.0,
    "learning_rate_schedule": "cosine_decay",
    "nmse_loss_weight": 0.4788048920718949,
    "residual_scale": 0.18647863554958427,
    "weight_decay": 9.654662480652895e-06
  },
  "stage": "B",
  "study_name": "umiNorm_v1_b32_prb8_u34610_1dmrs_stageB_main_d256_b4_r2",
  "trial_id": 3,
  "trial_number": 2
}