{
  "best_val": 0.027265743798731517,
  "best_weights_path": "/scratch/rsadve1/Extended_UPAIR_Narval_b32m16_portable/optuna/runs_1dmrs/clean_b32_prb8_d256_40k_smart_trueDMRS_u34610_1dmrs_stageB_narrow_d192_b4_r2/narrow_d192_b4_r2_trial_0006/checkpoints/best.weights.h5",
  "checkpoint_metrics": {
    "last_loss": -3.192559242248535,
    "last_nmse_ls": 0.03822145611047745,
    "last_nmse_prop": 0.01867007091641426
  },
  "last_metrics": {
    "ebno_db": 4.560781478881836,
    "learning_rate": 8.659630839247257e-05,
    "loss": -3.192559242248535,
    "loss_nll": -3.199563980102539,
    "nmse_ls": 0.03822145611047745,
    "nmse_prop": 0.01867007091641426,
    "num_users": 3,
    "step": 12000,
    "step_elapsed_s": 170.21693014539778,
    "steps_per_s": 1.5468413569282868,
    "training_elapsed_s": 7757.74448119849,
    "val_batch_size": 32,
    "val_ebno_db": "multi",
    "val_ebno_db_values": [
      -4.0,
      -2.0,
      0.0,
      2.0,
      4.0
    ],
    "val_microbatch_size": 16,
    "val_nmse_ls": 0.09129876994605486,
    "val_nmse_prop": 0.027265743798731517,
    "val_snr_hist": {
      "-2.0": 23,
      "-4.0": 16,
      "0.0": 19,
      "2.0": 24,
      "4.0": 14
    },
    "val_user_count_hist": {
      "1": 9,
      "2": 11,
      "3": 28,
      "4": 48
    }
  },
  "latest_step": 12000,
  "latest_training_state_checkpoint": "/scratch/rsadve1/Extended_UPAIR_Narval_b32m16_portable/optuna/runs_1dmrs/clean_b32_prb8_d256_40k_smart_trueDMRS_u34610_1dmrs_stageB_narrow_d192_b4_r2/narrow_d192_b4_r2_trial_0006/checkpoints/training_state/ckpt-12000",
  "resume_enabled": true,
  "save_reason": "final",
  "total_steps": 12000,
  "training_complete": true,
  "training_parameters": {
    "batch_size_eval": 32,
    "batch_size_train": 32,
    "current_learning_rate": 8.659630839247257e-05,
    "eval_every": 1000,
    "evaluation_seed": 1007,
    "grad_clip_norm": 0.5,
    "learning_rate": 0.0010877834833398431,
    "learning_rate_schedule": {
      "decay_rate": 0.96,
      "decay_steps": 15000.0,
      "final_fraction": 0.027663348264067775,
      "learning_rate": 0.0010877834833398431,
      "polynomial_power": 1.820591890551075,
      "restart_first_decay_steps": 2500.0,
      "restart_m_mul": 0.8,
      "restart_t_mul": 2.0,
      "schedule": "polynomial_decay"
    },
    "memory_cleanup_every_steps": 100,
    "nmse_loss_weight": 0.3751811529364193,
    "seed": 7,
    "training_seed": 7,
    "val_microbatch_size": 16,
    "val_steps": 96,
    "weight_decay": 5.486557558665739e-07
  }
}