{
  "params": {
    "batch_size_eval": 32,
    "batch_size_train": 32,
    "dropout": 0.02835158323168456,
    "grad_clip_norm": 0.5,
    "learning_rate": 0.001138589067706939,
    "learning_rate_decay_fraction": 1.25,
    "learning_rate_final_fraction": 0.061298479356677205,
    "learning_rate_polynomial_power": 1.0,
    "learning_rate_schedule": "cosine_decay",
    "nmse_loss_weight": 0.1254319387141564,
    "residual_scale": 0.6203564397831597,
    "weight_decay": 4.023895604260273e-07
  },
  "stage": "A",
  "study_name": "umiNorm_v1_b32_prb8_u34610_1dmrs_stageA_deep_d256_b6_r2",
  "trial_id": 13,
  "trial_number": 12
}