{
  "best_val": 0.03628014258962745,
  "best_weights_path": "/scratch/rsadve1/Extended_UPAIR_Narval_b32m16_portable/optuna/runs_1dmrs/clean_b32_prb8_d256_40k_smart_u34610_1dmrs_stageA_wide_deep_d320_b6_r2/wide_deep_d320_b6_r2_trial_0018/checkpoints/best.weights.h5",
  "checkpoint_metrics": {
    "last_loss": -2.16623592376709,
    "last_nmse_ls": 0.11801356822252274,
    "last_nmse_prop": 0.04277178272604942
  },
  "last_metrics": {
    "ebno_db": -2.1212663650512695,
    "learning_rate": 0.000934361363761127,
    "loss": -2.16623592376709,
    "loss_nll": -2.1797072887420654,
    "nmse_ls": 0.11801356822252274,
    "nmse_prop": 0.04277178272604942,
    "num_users": 1,
    "step": 1000,
    "step_elapsed_s": 242.9151686243713,
    "steps_per_s": 1.1798477548537631,
    "training_elapsed_s": 847.5669813212007,
    "val_batch_size": 32,
    "val_ebno_db": "multi",
    "val_ebno_db_values": [
      -4.0,
      -2.0,
      0.0,
      2.0,
      4.0
    ],
    "val_microbatch_size": 16,
    "val_nmse_ls": 0.0898425984584416,
    "val_nmse_prop": 0.03628014258962745,
    "val_snr_hist": {
      "-2.0": 21,
      "-4.0": 15,
      "0.0": 23,
      "2.0": 21,
      "4.0": 16
    },
    "val_user_count_hist": {
      "1": 4,
      "2": 19,
      "3": 37,
      "4": 36
    }
  },
  "latest_step": 1000,
  "latest_training_state_checkpoint": "/scratch/rsadve1/Extended_UPAIR_Narval_b32m16_portable/optuna/runs_1dmrs/clean_b32_prb8_d256_40k_smart_u34610_1dmrs_stageA_wide_deep_d320_b6_r2/wide_deep_d320_b6_r2_trial_0018/checkpoints/training_state/ckpt-1000",
  "resume_enabled": true,
  "save_reason": "periodic",
  "total_steps": 4000,
  "training_complete": false,
  "training_parameters": {
    "batch_size_eval": 32,
    "batch_size_train": 32,
    "current_learning_rate": 0.000934361363761127,
    "eval_every": 1000,
    "evaluation_seed": 1007,
    "grad_clip_norm": 0.5,
    "learning_rate": 0.0010232689081441867,
    "learning_rate_schedule": {
      "decay_rate": 0.96,
      "decay_steps": 5000.0,
      "final_fraction": 0.08835664096391597,
      "learning_rate": 0.0010232689081441867,
      "polynomial_power": 1.0,
      "restart_first_decay_steps": 2500.0,
      "restart_m_mul": 0.8,
      "restart_t_mul": 2.0,
      "schedule": "cosine_decay"
    },
    "memory_cleanup_every_steps": 100,
    "nmse_loss_weight": 0.3149616397730811,
    "seed": 7,
    "training_seed": 7,
    "val_microbatch_size": 16,
    "val_steps": 96,
    "weight_decay": 5.165111322587516e-07
  }
}