{
  "best_val": 0.07004032588641469,
  "best_weights_path": "/lustre10/scratch/rsadve1/Extended_UPAIR_Narval_b32m16_portable_underUMI/optuna/runs_1dmrs/umiNorm_v1_b32_prb8_u34610_1dmrs_stageB_wide_deep_d320_b6_r2/wide_deep_d320_b6_r2_trial_0002/checkpoints/best.weights.h5",
  "checkpoint_metrics": {
    "last_loss": -0.7215468287467957,
    "last_nmse_ls": 0.2973859906196594,
    "last_nmse_prop": 0.16743871569633484
  },
  "last_metrics": {
    "ebno_db": -5.90297269821167,
    "learning_rate": 0.0005809396971017122,
    "loss": -0.7215468287467957,
    "loss_nll": -0.7732787132263184,
    "nmse_ls": 0.2973859906196594,
    "nmse_prop": 0.16743871569633484,
    "num_users": 4,
    "step": 6000,
    "step_elapsed_s": 197.78196908696555,
    "steps_per_s": 1.4959139127256083,
    "training_elapsed_s": 4010.9259957799222,
    "val_batch_size": 8,
    "val_ebno_db": "multi",
    "val_ebno_db_values": [
      -4.0,
      -2.0,
      0.0,
      2.0,
      4.0
    ],
    "val_microbatch_size": 4,
    "val_nmse_ls": 0.11822953740678106,
    "val_nmse_prop": 0.07004032588641469,
    "val_snr_hist": {
      "-2.0": 20,
      "-4.0": 24,
      "0.0": 25,
      "2.0": 17,
      "4.0": 10
    },
    "val_user_count_hist": {
      "1": 5,
      "2": 15,
      "3": 35,
      "4": 41
    }
  },
  "latest_step": 6000,
  "latest_training_state_checkpoint": "/lustre10/scratch/rsadve1/Extended_UPAIR_Narval_b32m16_portable_underUMI/optuna/runs_1dmrs/umiNorm_v1_b32_prb8_u34610_1dmrs_stageB_wide_deep_d320_b6_r2/wide_deep_d320_b6_r2_trial_0002/checkpoints/training_state/ckpt-6000",
  "resume_enabled": true,
  "save_reason": "periodic",
  "total_steps": 12000,
  "training_complete": false,
  "training_parameters": {
    "batch_size_eval": 8,
    "batch_size_train": 8,
    "current_learning_rate": 0.0005809396971017122,
    "eval_every": 1000,
    "evaluation_seed": 1007,
    "grad_clip_norm": 0.5,
    "learning_rate": 0.0005809397231941362,
    "learning_rate_schedule": {
      "decay_rate": 0.96,
      "decay_steps": 12000.0,
      "final_fraction": 0.05,
      "learning_rate": 0.0005809397231941362,
      "polynomial_power": 1.0,
      "restart_first_decay_steps": 2500.0,
      "restart_m_mul": 0.8,
      "restart_t_mul": 2.0,
      "schedule": "constant"
    },
    "memory_cleanup_every_steps": 10,
    "nmse_loss_weight": 0.3089601517759952,
    "seed": 7,
    "training_seed": 7,
    "val_microbatch_size": 4,
    "val_steps": 96,
    "weight_decay": 1.912227231393291e-07
  }
}