{
  "best_val": 0.0572113212547265,
  "best_weights_path": "/lustre10/scratch/rsadve1/Extended_UPAIR_Narval_b32m16_portable_underUMI/optuna/runs_1dmrs/umiNorm_v1_b32_prb8_u34610_1dmrs_stageB_wide_deep_d320_b6_r2/wide_deep_d320_b6_r2_trial_0003/checkpoints/best.weights.h5",
  "checkpoint_metrics": {
    "last_loss": -1.7487422227859497,
    "last_nmse_ls": 0.15671534836292267,
    "last_nmse_prop": 0.06800655275583267
  },
  "last_metrics": {
    "ebno_db": -2.9670538902282715,
    "learning_rate": 0.0007749350043013692,
    "loss": -1.7487422227859497,
    "loss_nll": -1.7604783773422241,
    "nmse_ls": 0.15671534836292267,
    "nmse_prop": 0.06800655275583267,
    "num_users": 3,
    "step": 5696,
    "step_elapsed_s": 0.4708421139512211,
    "steps_per_s": 1.4770825826309104,
    "training_elapsed_s": 3856.250196826877
  },
  "latest_step": 5696,
  "latest_training_state_checkpoint": "/lustre10/scratch/rsadve1/Extended_UPAIR_Narval_b32m16_portable_underUMI/optuna/runs_1dmrs/umiNorm_v1_b32_prb8_u34610_1dmrs_stageB_wide_deep_d320_b6_r2/wide_deep_d320_b6_r2_trial_0003/checkpoints/training_state/ckpt-5696",
  "resume_enabled": true,
  "save_reason": "resource_exhausted",
  "total_steps": 12000,
  "training_complete": false,
  "training_parameters": {
    "batch_size_eval": 32,
    "batch_size_train": 32,
    "current_learning_rate": 0.0007749350043013692,
    "eval_every": 1000,
    "evaluation_seed": 1007,
    "grad_clip_norm": 0.5,
    "learning_rate": 0.0007749349842627399,
    "learning_rate_schedule": {
      "decay_rate": 0.96,
      "decay_steps": 12000.0,
      "final_fraction": 0.05,
      "learning_rate": 0.0007749349842627399,
      "polynomial_power": 1.0,
      "restart_first_decay_steps": 2500.0,
      "restart_m_mul": 0.8,
      "restart_t_mul": 2.0,
      "schedule": "constant"
    },
    "memory_cleanup_every_steps": 100,
    "nmse_loss_weight": 0.17257378079061886,
    "seed": 7,
    "training_seed": 7,
    "val_microbatch_size": 16,
    "val_steps": 96,
    "weight_decay": 1.1957496756294423e-07
  }
}