{
  "params": {
    "batch_size_eval": 32,
    "batch_size_train": 32,
    "dropout": 0.05850838902751467,
    "grad_clip_norm": 0.5,
    "learning_rate": 0.000994881622856801,
    "learning_rate_decay_fraction": 1.25,
    "learning_rate_final_fraction": 0.05687802501873331,
    "learning_rate_polynomial_power": 1.0,
    "learning_rate_schedule": "cosine_decay",
    "nmse_loss_weight": 0.3319395326504192,
    "residual_scale": 0.7042776256308351,
    "weight_decay": 2.900671897563272e-07
  },
  "stage": "A",
  "study_name": "clean_b32_prb8_d256_40k_smart_u34610_1dmrs_stageA_mlpwide_d256_b4_r4",
  "trial_id": 17,
  "trial_number": 16
}