{
  "best_val": 0.03788527899693387,
  "best_weights_path": "/scratch/rsadve1/Extended_UPAIR_Narval_b32m16_portable/optuna/runs_1dmrs/clean_b32_prb8_d256_40k_smart_u34610_1dmrs_stageA_deep_d256_b6_r2/deep_d256_b6_r2_trial_0015/checkpoints/best.weights.h5",
  "checkpoint_metrics": {
    "last_loss": -2.0988526344299316,
    "last_nmse_ls": 0.11966430395841599,
    "last_nmse_prop": 0.04693930596113205
  },
  "last_metrics": {
    "ebno_db": -2.1212663650512695,
    "learning_rate": 0.0005152845988050103,
    "loss": -2.0988526344299316,
    "loss_nll": -2.1028976440429688,
    "nmse_ls": 0.11966430395841599,
    "nmse_prop": 0.04693930596113205,
    "num_users": 1,
    "step": 1000,
    "step_elapsed_s": 213.79310589656234,
    "steps_per_s": 1.313301365191141,
    "training_elapsed_s": 761.4398541757837,
    "val_batch_size": 32,
    "val_ebno_db": "multi",
    "val_ebno_db_values": [
      -4.0,
      -2.0,
      0.0,
      2.0,
      4.0
    ],
    "val_microbatch_size": 16,
    "val_nmse_ls": 0.08971250418107957,
    "val_nmse_prop": 0.03788527899693387,
    "val_snr_hist": {
      "-2.0": 21,
      "-4.0": 15,
      "0.0": 23,
      "2.0": 21,
      "4.0": 16
    },
    "val_user_count_hist": {
      "1": 4,
      "2": 19,
      "3": 37,
      "4": 36
    }
  },
  "latest_step": 1000,
  "latest_training_state_checkpoint": "/scratch/rsadve1/Extended_UPAIR_Narval_b32m16_portable/optuna/runs_1dmrs/clean_b32_prb8_d256_40k_smart_u34610_1dmrs_stageA_deep_d256_b6_r2/deep_d256_b6_r2_trial_0015/checkpoints/training_state/ckpt-1000",
  "resume_enabled": true,
  "save_reason": "periodic",
  "total_steps": 4000,
  "training_complete": false,
  "training_parameters": {
    "batch_size_eval": 32,
    "batch_size_train": 32,
    "current_learning_rate": 0.0005152845988050103,
    "eval_every": 1000,
    "evaluation_seed": 1007,
    "grad_clip_norm": 0.5,
    "learning_rate": 0.000750458806300109,
    "learning_rate_schedule": {
      "decay_rate": 0.96,
      "decay_steps": 5000.0,
      "final_fraction": 0.11119781083032226,
      "learning_rate": 0.000750458806300109,
      "polynomial_power": 1.9505272532281706,
      "restart_first_decay_steps": 2500.0,
      "restart_m_mul": 0.8,
      "restart_t_mul": 2.0,
      "schedule": "polynomial_decay"
    },
    "memory_cleanup_every_steps": 100,
    "nmse_loss_weight": 0.08617404639342321,
    "seed": 7,
    "training_seed": 7,
    "val_microbatch_size": 16,
    "val_steps": 96,
    "weight_decay": 1.3231649881436467e-05
  }
}