{
  "params": {
    "batch_size_eval": 32,
    "batch_size_train": 32,
    "dropout": 0.015816964458073457,
    "grad_clip_norm": 2.0,
    "learning_rate": 0.0006810709185858287,
    "learning_rate_decay_fraction": 0.75,
    "learning_rate_final_fraction": 0.13183939943379788,
    "learning_rate_polynomial_power": 1.0,
    "learning_rate_schedule": "cosine_decay",
    "nmse_loss_weight": 0.048548188152969435,
    "residual_scale": 0.5405657295266065,
    "weight_decay": 2.441482020708174e-05
  },
  "stage": "B",
  "study_name": "clean_b32_prb8_d256_40k_smart_trueDMRS_u34610_1dmrs_stageB_wide_d320_b4_r2",
  "trial_id": 8,
  "trial_number": 7
}