{
  "best_val": 0.031195893534459174,
  "best_weights_path": "/scratch/rsadve1/Extended_UPAIR_Narval_b32m16_portable/optuna/runs_1dmrs/clean_b32_prb8_d256_40k_smart_u34610_1dmrs_stageA_wide_deep_d320_b6_r2/wide_deep_d320_b6_r2_trial_0000/checkpoints/best.weights.h5",
  "checkpoint_metrics": {
    "last_loss": -2.266462802886963,
    "last_nmse_ls": 0.1510503739118576,
    "last_nmse_prop": 0.040881939232349396
  },
  "last_metrics": {
    "ebno_db": -3.3554575443267822,
    "learning_rate": 6.056803613319062e-06,
    "loss": -2.266462802886963,
    "loss_nll": -2.271468162536621,
    "nmse_ls": 0.1510503739118576,
    "nmse_prop": 0.040881939232349396,
    "num_users": 3,
    "step": 4000,
    "step_elapsed_s": 194.86960369255394,
    "steps_per_s": 1.3286088696511908,
    "training_elapsed_s": 3010.6678431630135,
    "val_batch_size": 32,
    "val_ebno_db": "multi",
    "val_ebno_db_values": [
      -4.0,
      -2.0,
      0.0,
      2.0,
      4.0
    ],
    "val_microbatch_size": 16,
    "val_nmse_ls": 0.09699401344793539,
    "val_nmse_prop": 0.031195893534459174,
    "val_snr_hist": {
      "-2.0": 21,
      "-4.0": 21,
      "0.0": 22,
      "2.0": 17,
      "4.0": 15
    },
    "val_user_count_hist": {
      "1": 5,
      "2": 16,
      "3": 25,
      "4": 50
    }
  },
  "latest_step": 4000,
  "latest_training_state_checkpoint": "/scratch/rsadve1/Extended_UPAIR_Narval_b32m16_portable/optuna/runs_1dmrs/clean_b32_prb8_d256_40k_smart_u34610_1dmrs_stageA_wide_deep_d320_b6_r2/wide_deep_d320_b6_r2_trial_0000/checkpoints/training_state/ckpt-4000",
  "resume_enabled": true,
  "save_reason": "final",
  "total_steps": 4000,
  "training_complete": true,
  "training_parameters": {
    "batch_size_eval": 32,
    "batch_size_train": 32,
    "current_learning_rate": 6.056803613319062e-06,
    "eval_every": 1000,
    "evaluation_seed": 1007,
    "grad_clip_norm": 1.0,
    "learning_rate": 0.0004983159357242532,
    "learning_rate_schedule": {
      "decay_rate": 0.96,
      "decay_steps": 3000.0,
      "final_fraction": 0.012154545064008537,
      "learning_rate": 0.0004983159357242532,
      "polynomial_power": 1.0,
      "restart_first_decay_steps": 2500.0,
      "restart_m_mul": 0.8,
      "restart_t_mul": 2.0,
      "schedule": "cosine_decay"
    },
    "memory_cleanup_every_steps": 100,
    "nmse_loss_weight": 0.12243400701824686,
    "seed": 7,
    "training_seed": 7,
    "val_microbatch_size": 16,
    "val_steps": 96,
    "weight_decay": 7.693520676908999e-07
  }
}