{
  "params": {
    "batch_size_eval": 32,
    "batch_size_train": 32,
    "dropout": 0.08280523236197476,
    "grad_clip_norm": 0.5,
    "learning_rate": 0.0009943467048737675,
    "learning_rate_decay_fraction": 0.75,
    "learning_rate_final_fraction": 0.10209982992431647,
    "learning_rate_polynomial_power": 1.0,
    "learning_rate_schedule": "cosine_decay",
    "nmse_loss_weight": 0.11510128808325416,
    "residual_scale": 0.4572659012223609,
    "weight_decay": 2.7670811106724623e-07
  },
  "stage": "A",
  "study_name": "clean_b32_prb8_d256_40k_smart_u34610_1dmrs_stageA_deep_d256_b6_r2",
  "trial_id": 17,
  "trial_number": 16
}