{
  "params": {
    "batch_size_eval": 32,
    "batch_size_train": 32,
    "dropout": 0.07429163087714322,
    "grad_clip_norm": 0.5,
    "learning_rate": 0.0010877834833398431,
    "learning_rate_decay_fraction": 1.25,
    "learning_rate_final_fraction": 0.027663348264067775,
    "learning_rate_polynomial_power": 1.820591890551075,
    "learning_rate_schedule": "polynomial_decay",
    "nmse_loss_weight": 0.3751811529364193,
    "residual_scale": 0.561193221232489,
    "weight_decay": 5.486557558665739e-07
  },
  "stage": "B",
  "study_name": "clean_b32_prb8_d256_40k_smart_trueDMRS_u34610_1dmrs_stageB_narrow_d192_b4_r2",
  "trial_id": 7,
  "trial_number": 6
}