{
  "best_val": 0.06191021582344547,
  "best_weights_path": "/lustre10/scratch/rsadve1/Extended_UPAIR_Narval_b32m16_portable_underUMI/optuna/runs_1dmrs/umiNorm_v1_b32_prb8_u34610_1dmrs_stageB_mlpwide_d256_b4_r4/mlpwide_d256_b4_r4_trial_0004/checkpoints/best.weights.h5",
  "checkpoint_metrics": {
    "last_loss": -2.2549915313720703,
    "last_nmse_ls": 0.06448638439178467,
    "last_nmse_prop": 0.043529968708753586
  },
  "last_metrics": {
    "ebno_db": 1.5732765197753906,
    "learning_rate": 1.452755259379046e-05,
    "loss": -2.2549915313720703,
    "loss_nll": -2.257521867752075,
    "nmse_ls": 0.06448638439178467,
    "nmse_prop": 0.043529968708753586,
    "num_users": 4,
    "step": 8459,
    "step_elapsed_s": 0.38104998390190303,
    "steps_per_s": 1.8150069042522166,
    "training_elapsed_s": 4660.588331748033
  },
  "latest_step": 8459,
  "latest_training_state_checkpoint": "/lustre10/scratch/rsadve1/Extended_UPAIR_Narval_b32m16_portable_underUMI/optuna/runs_1dmrs/umiNorm_v1_b32_prb8_u34610_1dmrs_stageB_mlpwide_d256_b4_r4/mlpwide_d256_b4_r4_trial_0004/checkpoints/training_state/ckpt-8459",
  "resume_enabled": true,
  "save_reason": "resource_exhausted",
  "total_steps": 12000,
  "training_complete": false,
  "training_parameters": {
    "batch_size_eval": 16,
    "batch_size_train": 16,
    "current_learning_rate": 1.4512919733533636e-05,
    "eval_every": 1000,
    "evaluation_seed": 1007,
    "grad_clip_norm": 0.5,
    "learning_rate": 0.0004568972058255479,
    "learning_rate_schedule": {
      "decay_rate": 0.96,
      "decay_steps": 9000.0,
      "final_fraction": 0.02308016679308127,
      "learning_rate": 0.0004568972058255479,
      "polynomial_power": 1.0,
      "restart_first_decay_steps": 2500.0,
      "restart_m_mul": 0.8,
      "restart_t_mul": 2.0,
      "schedule": "cosine_decay"
    },
    "memory_cleanup_every_steps": 25,
    "nmse_loss_weight": 0.05813033561196787,
    "seed": 7,
    "training_seed": 7,
    "val_microbatch_size": 8,
    "val_steps": 96,
    "weight_decay": 9.040091747332144e-06
  }
}