{
  "best_val": 0.06059181194480819,
  "best_weights_path": "/lustre10/scratch/rsadve1/Extended_UPAIR_Narval_b32m16_portable_underUMI/optuna/runs_1dmrs/umiNorm_v1_b32_prb8_u34610_1dmrs_stageB_wide_d320_b4_r2/wide_d320_b4_r2_trial_0003/checkpoints/best.weights.h5",
  "checkpoint_metrics": {
    "last_loss": -2.215153694152832,
    "last_nmse_ls": 0.08359719067811966,
    "last_nmse_prop": 0.04637850448489189
  },
  "last_metrics": {
    "ebno_db": 0.1866006851196289,
    "learning_rate": 0.00021345261484384537,
    "loss": -2.215153694152832,
    "loss_nll": -2.218179225921631,
    "nmse_ls": 0.08359719067811966,
    "nmse_prop": 0.04637850448489189,
    "num_users": 2,
    "step": 10543,
    "step_elapsed_s": 0.33838415215723217,
    "steps_per_s": 1.7902527016967282,
    "training_elapsed_s": 5889.112743696896
  },
  "latest_step": 10543,
  "latest_training_state_checkpoint": "/lustre10/scratch/rsadve1/Extended_UPAIR_Narval_b32m16_portable_underUMI/optuna/runs_1dmrs/umiNorm_v1_b32_prb8_u34610_1dmrs_stageB_wide_d320_b4_r2/wide_d320_b4_r2_trial_0003/checkpoints/training_state/ckpt-10543",
  "resume_enabled": true,
  "save_reason": "resource_exhausted",
  "total_steps": 12000,
  "training_complete": false,
  "training_parameters": {
    "batch_size_eval": 16,
    "batch_size_train": 16,
    "current_learning_rate": 0.00021339490194804966,
    "eval_every": 1000,
    "evaluation_seed": 1007,
    "grad_clip_norm": 0.5,
    "learning_rate": 0.0011194142556839183,
    "learning_rate_schedule": {
      "decay_rate": 0.96,
      "decay_steps": 15000.0,
      "final_fraction": 0.03995121225244404,
      "learning_rate": 0.0011194142556839183,
      "polynomial_power": 1.5259288638269477,
      "restart_first_decay_steps": 2500.0,
      "restart_m_mul": 0.8,
      "restart_t_mul": 2.0,
      "schedule": "polynomial_decay"
    },
    "memory_cleanup_every_steps": 25,
    "nmse_loss_weight": 0.06523425274380522,
    "seed": 7,
    "training_seed": 7,
    "val_microbatch_size": 8,
    "val_steps": 96,
    "weight_decay": 5.778735770825256e-06
  }
}