{
  "params": {
    "batch_size_eval": 32,
    "batch_size_train": 32,
    "dropout": 0.01271467951292079,
    "grad_clip_norm": 2.0,
    "learning_rate": 0.0010539616097385326,
    "learning_rate_decay_fraction": 0.75,
    "learning_rate_final_fraction": 0.06488828229952022,
    "learning_rate_polynomial_power": 1.1704549961301567,
    "learning_rate_schedule": "polynomial_decay",
    "nmse_loss_weight": 0.1629916589891021,
    "residual_scale": 0.4823297728908407,
    "weight_decay": 1.648675804244975e-07
  },
  "stage": "A",
  "study_name": "umiNorm_v1_b32_prb8_u34610_1dmrs_stageA_shallow_d256_b2_r2",
  "trial_id": 19,
  "trial_number": 18
}