{
  "params": {
    "batch_size_eval": 32,
    "batch_size_train": 32,
    "dropout": 0.10875601982155696,
    "grad_clip_norm": 1.0,
    "learning_rate": 0.0009752006792342708,
    "learning_rate_decay_fraction": 1.0,
    "learning_rate_final_fraction": 0.013657500320054044,
    "learning_rate_polynomial_power": 1.0,
    "learning_rate_schedule": "cosine_decay",
    "nmse_loss_weight": 0.19620787688723101,
    "residual_scale": 0.3711015379171857,
    "weight_decay": 2.120164796681288e-07
  },
  "stage": "A",
  "study_name": "umiNorm_v1_b32_prb8_u34610_1dmrs_stageA_wide_deep_d320_b6_r2",
  "trial_id": 20,
  "trial_number": 19
}