{
  "best_val": 0.031203821941744536,
  "best_weights_path": "/scratch/rsadve1/Extended_UPAIR_Narval_b32m16_portable/optuna/runs_1dmrs/clean_b32_prb8_d256_40k_smart_u34610_1dmrs_stageA_wide_d320_b4_r2/wide_d320_b4_r2_trial_0010/checkpoints/best.weights.h5",
  "checkpoint_metrics": {
    "last_loss": -2.7719485759735107,
    "last_nmse_ls": 0.05865057185292244,
    "last_nmse_prop": 0.025692088529467583
  },
  "last_metrics": {
    "ebno_db": 1.7672233581542969,
    "learning_rate": 0.0007849438115954399,
    "loss": -2.7719485759735107,
    "loss_nll": -2.77882981300354,
    "nmse_ls": 0.05865057185292244,
    "nmse_prop": 0.025692088529467583,
    "num_users": 4,
    "step": 3000,
    "step_elapsed_s": 154.2088780979975,
    "steps_per_s": 1.5515986065421115,
    "training_elapsed_s": 1933.4897487990092,
    "val_batch_size": 32,
    "val_ebno_db": "multi",
    "val_ebno_db_values": [
      -4.0,
      -2.0,
      0.0,
      2.0,
      4.0
    ],
    "val_microbatch_size": 16,
    "val_nmse_ls": 0.09757119677184771,
    "val_nmse_prop": 0.031203821941744536,
    "val_snr_hist": {
      "-2.0": 15,
      "-4.0": 23,
      "0.0": 28,
      "2.0": 18,
      "4.0": 12
    },
    "val_user_count_hist": {
      "1": 2,
      "2": 18,
      "3": 24,
      "4": 52
    }
  },
  "latest_step": 3000,
  "latest_training_state_checkpoint": "/scratch/rsadve1/Extended_UPAIR_Narval_b32m16_portable/optuna/runs_1dmrs/clean_b32_prb8_d256_40k_smart_u34610_1dmrs_stageA_wide_d320_b4_r2/wide_d320_b4_r2_trial_0010/checkpoints/training_state/ckpt-3000",
  "resume_enabled": true,
  "save_reason": "periodic",
  "total_steps": 4000,
  "training_complete": false,
  "training_parameters": {
    "batch_size_eval": 32,
    "batch_size_train": 32,
    "current_learning_rate": 0.0007849438115954399,
    "eval_every": 1000,
    "evaluation_seed": 1007,
    "grad_clip_norm": 0.5,
    "learning_rate": 0.0007849438148657264,
    "learning_rate_schedule": {
      "decay_rate": 0.96,
      "decay_steps": 4000.0,
      "final_fraction": 0.05,
      "learning_rate": 0.0007849438148657264,
      "polynomial_power": 1.0,
      "restart_first_decay_steps": 2500.0,
      "restart_m_mul": 0.8,
      "restart_t_mul": 2.0,
      "schedule": "constant"
    },
    "memory_cleanup_every_steps": 100,
    "nmse_loss_weight": 0.267833250347163,
    "seed": 7,
    "training_seed": 7,
    "val_microbatch_size": 16,
    "val_steps": 96,
    "weight_decay": 1.2898329878888986e-07
  }
}