{
  "params": {
    "batch_size_eval": 32,
    "batch_size_train": 32,
    "dropout": 0.048964615805641064,
    "grad_clip_norm": 0.5,
    "learning_rate": 0.0007352485628292937,
    "learning_rate_decay_fraction": 1.25,
    "learning_rate_final_fraction": 0.12483731988648952,
    "learning_rate_polynomial_power": 1.48911960578789,
    "learning_rate_schedule": "polynomial_decay",
    "nmse_loss_weight": 0.35977031346013616,
    "residual_scale": 0.5275730859127643,
    "weight_decay": 1.7153987068647464e-07
  },
  "stage": "A",
  "study_name": "umiNorm_v1_b32_prb8_u34610_1dmrs_stageA_shallow_d256_b2_r2",
  "trial_id": 12,
  "trial_number": 11
}