{
  "best_val": 0.09293650820230444,
  "best_weights_path": "/scratch/rsadve1/Extended_UPAIR_Narval_b32m16_portable_underUMI/UMI_training/smoke/seed7/1dmrs/main_d256_b4_r2/checkpoints/best.weights.h5",
  "checkpoint_metrics": {
    "last_loss": -1.5331615209579468,
    "last_nmse_ls": 0.07805619388818741,
    "last_nmse_prop": 0.07612264901399612
  },
  "last_metrics": {
    "ebno_db": 1.2564353942871094,
    "learning_rate": 6.779658724553883e-05,
    "loss": -1.5331615209579468,
    "loss_nll": -1.5696094036102295,
    "nmse_ls": 0.07805619388818741,
    "nmse_prop": 0.07612264901399612,
    "num_users": 3,
    "step": 200,
    "step_elapsed_s": 28.166375353001058,
    "steps_per_s": 1.0129996851095497,
    "training_elapsed_s": 197.43342761095846,
    "val_batch_size": 16,
    "val_ebno_db": "multi",
    "val_ebno_db_values": [
      -4.0,
      -2.0,
      0.0,
      2.0,
      4.0
    ],
    "val_microbatch_size": 8,
    "val_nmse_ls": 0.09757330516974132,
    "val_nmse_prop": 0.09441466070711613,
    "val_snr_hist": {
      "-2.0": 3,
      "-4.0": 1,
      "0.0": 2,
      "2.0": 3,
      "4.0": 3
    },
    "val_user_count_hist": {
      "1": 1,
      "2": 1,
      "3": 7,
      "4": 3
    }
  },
  "latest_step": 200,
  "latest_training_state_checkpoint": "/scratch/rsadve1/Extended_UPAIR_Narval_b32m16_portable_underUMI/UMI_training/smoke/seed7/1dmrs/main_d256_b4_r2/checkpoints/training_state/ckpt-200",
  "resume_enabled": false,
  "save_reason": "final",
  "total_steps": 200,
  "training_complete": true,
  "training_parameters": {
    "batch_size_eval": 16,
    "batch_size_train": 32,
    "current_learning_rate": 6.779658724553883e-05,
    "eval_every": 100,
    "evaluation_seed": 1007,
    "grad_clip_norm": 0.5,
    "learning_rate": 0.0005712916127949584,
    "learning_rate_schedule": {
      "decay_rate": 0.96,
      "decay_steps": 250.0,
      "final_fraction": 0.02159904793462117,
      "learning_rate": 0.0005712916127949584,
      "polynomial_power": 1.0,
      "restart_first_decay_steps": 2500.0,
      "restart_m_mul": 0.8,
      "restart_t_mul": 2.0,
      "schedule": "cosine_decay"
    },
    "memory_cleanup_every_steps": 100,
    "nmse_loss_weight": 0.4788048920718949,
    "seed": 7,
    "training_seed": 7,
    "val_microbatch_size": 8,
    "val_steps": 12,
    "weight_decay": 9.654662480652895e-06
  }
}