{
  "best_val": 0.06659984141394186,
  "best_weights_path": "/lustre10/scratch/rsadve1/Extended_UPAIR_Narval_b32m16_portable_underUMI/optuna/runs_1dmrs/umiNorm_v1_b32_prb8_u34610_1dmrs_stageB_mlpwide_d256_b4_r4/mlpwide_d256_b4_r4_trial_0002/checkpoints/best.weights.h5",
  "checkpoint_metrics": {
    "last_loss": -2.0099360942840576,
    "last_nmse_ls": 0.07173187285661697,
    "last_nmse_prop": 0.05369652807712555
  },
  "last_metrics": {
    "ebno_db": 2.07633113861084,
    "learning_rate": 0.00027532255626283586,
    "loss": -2.0099360942840576,
    "loss_nll": -2.0176913738250732,
    "nmse_ls": 0.07173187285661697,
    "nmse_prop": 0.05369652807712555,
    "num_users": 4,
    "step": 8000,
    "step_elapsed_s": 179.43322161585093,
    "steps_per_s": 1.4613963098981337,
    "training_elapsed_s": 5474.216641861945,
    "val_batch_size": 8,
    "val_ebno_db": "multi",
    "val_ebno_db_values": [
      -4.0,
      -2.0,
      0.0,
      2.0,
      4.0
    ],
    "val_microbatch_size": 4,
    "val_nmse_ls": 0.10543007083470002,
    "val_nmse_prop": 0.06659984141394186,
    "val_snr_hist": {
      "-2.0": 25,
      "-4.0": 14,
      "0.0": 15,
      "2.0": 22,
      "4.0": 20
    },
    "val_user_count_hist": {
      "1": 5,
      "2": 13,
      "3": 27,
      "4": 51
    }
  },
  "latest_step": 8000,
  "latest_training_state_checkpoint": "/lustre10/scratch/rsadve1/Extended_UPAIR_Narval_b32m16_portable_underUMI/optuna/runs_1dmrs/umiNorm_v1_b32_prb8_u34610_1dmrs_stageB_mlpwide_d256_b4_r4/mlpwide_d256_b4_r4_trial_0002/checkpoints/training_state/ckpt-8000",
  "resume_enabled": true,
  "save_reason": "periodic",
  "total_steps": 12000,
  "training_complete": false,
  "training_parameters": {
    "batch_size_eval": 8,
    "batch_size_train": 8,
    "current_learning_rate": 0.00027532255626283586,
    "eval_every": 1000,
    "evaluation_seed": 1007,
    "grad_clip_norm": 0.5,
    "learning_rate": 0.0005347152402954314,
    "learning_rate_schedule": {
      "decay_rate": 0.96,
      "decay_steps": 15000.0,
      "final_fraction": 0.1214426975329714,
      "learning_rate": 0.0005347152402954314,
      "polynomial_power": 1.0,
      "restart_first_decay_steps": 2500.0,
      "restart_m_mul": 0.8,
      "restart_t_mul": 2.0,
      "schedule": "cosine_decay"
    },
    "memory_cleanup_every_steps": 10,
    "nmse_loss_weight": 0.14442597067380863,
    "seed": 7,
    "training_seed": 7,
    "val_microbatch_size": 4,
    "val_steps": 96,
    "weight_decay": 2.6403771590562237e-07
  }
}