{
  "params": {
    "batch_size_eval": 32,
    "batch_size_train": 32,
    "dropout": 0.012874571771537642,
    "grad_clip_norm": 0.5,
    "learning_rate": 0.001187519750062176,
    "learning_rate_decay_fraction": 1.25,
    "learning_rate_final_fraction": 0.06719464988944403,
    "learning_rate_polynomial_power": 1.0,
    "learning_rate_schedule": "cosine_decay",
    "nmse_loss_weight": 0.3142896098738557,
    "residual_scale": 0.6975429777053529,
    "weight_decay": 9.296787428163556e-06
  },
  "stage": "A",
  "study_name": "clean_b32_prb8_d256_40k_smart_u34610_1dmrs_stageA_wide_d320_b4_r2",
  "trial_id": 15,
  "trial_number": 14
}