{
  "best_val": 0.03789730062514233,
  "best_weights_path": "/scratch/rsadve1/Extended_UPAIR_Narval_b32m16_portable/optuna/runs_1dmrs/clean_b32_prb8_d256_40k_smart_u34610_1dmrs_stageA_wide_d320_b4_r2/wide_d320_b4_r2_trial_0018/checkpoints/best.weights.h5",
  "checkpoint_metrics": {
    "last_loss": -2.1406028270721436,
    "last_nmse_ls": 0.11488712579011917,
    "last_nmse_prop": 0.04403969272971153
  },
  "last_metrics": {
    "ebno_db": -2.1212663650512695,
    "learning_rate": 0.0009266451233997941,
    "loss": -2.1406028270721436,
    "loss_nll": -2.148343086242676,
    "nmse_ls": 0.11488712579011917,
    "nmse_prop": 0.04403969272971153,
    "num_users": 1,
    "step": 1000,
    "step_elapsed_s": 157.1795447319746,
    "steps_per_s": 1.4592142567964677,
    "training_elapsed_s": 685.3003219660022,
    "val_batch_size": 32,
    "val_ebno_db": "multi",
    "val_ebno_db_values": [
      -4.0,
      -2.0,
      0.0,
      2.0,
      4.0
    ],
    "val_microbatch_size": 16,
    "val_nmse_ls": 0.08962790146082018,
    "val_nmse_prop": 0.03789730062514233,
    "val_snr_hist": {
      "-2.0": 21,
      "-4.0": 15,
      "0.0": 23,
      "2.0": 21,
      "4.0": 16
    },
    "val_user_count_hist": {
      "1": 4,
      "2": 19,
      "3": 37,
      "4": 36
    }
  },
  "latest_step": 1000,
  "latest_training_state_checkpoint": "/scratch/rsadve1/Extended_UPAIR_Narval_b32m16_portable/optuna/runs_1dmrs/clean_b32_prb8_d256_40k_smart_u34610_1dmrs_stageA_wide_d320_b4_r2/wide_d320_b4_r2_trial_0018/checkpoints/training_state/ckpt-1000",
  "resume_enabled": true,
  "save_reason": "periodic",
  "total_steps": 4000,
  "training_complete": false,
  "training_parameters": {
    "batch_size_eval": 32,
    "batch_size_train": 32,
    "current_learning_rate": 0.0009266451233997941,
    "eval_every": 1000,
    "evaluation_seed": 1007,
    "grad_clip_norm": 2.0,
    "learning_rate": 0.0010732035735387313,
    "learning_rate_schedule": {
      "decay_rate": 0.96,
      "decay_steps": 5000.0,
      "final_fraction": 0.056626602098249594,
      "learning_rate": 0.0010732035735387313,
      "polynomial_power": 0.7015541811467367,
      "restart_first_decay_steps": 2500.0,
      "restart_m_mul": 0.8,
      "restart_t_mul": 2.0,
      "schedule": "polynomial_decay"
    },
    "memory_cleanup_every_steps": 100,
    "nmse_loss_weight": 0.17575649869482998,
    "seed": 7,
    "training_seed": 7,
    "val_microbatch_size": 16,
    "val_steps": 96,
    "weight_decay": 9.31034703799342e-05
  }
}