{
  "best_val": 0.024966245827575523,
  "best_weights_path": "/scratch/rsadve1/Extended_UPAIR_Narval_b32m16_portable/optuna/runs_1dmrs/clean_b32_prb8_d256_40k_smart_trueDMRS_u34610_1dmrs_stageB_mlpwide_d256_b4_r4/mlpwide_d256_b4_r4_trial_0003/checkpoints/best.weights.h5",
  "checkpoint_metrics": {
    "last_loss": -3.289736032485962,
    "last_nmse_ls": 0.038009002804756165,
    "last_nmse_prop": 0.017109954729676247
  },
  "last_metrics": {
    "ebno_db": 4.560781478881836,
    "learning_rate": 6.69331566314213e-05,
    "loss": -3.289736032485962,
    "loss_nll": -3.2970378398895264,
    "nmse_ls": 0.038009002804756165,
    "nmse_prop": 0.017109954729676247,
    "num_users": 3,
    "step": 12000,
    "step_elapsed_s": 155.96888613235205,
    "steps_per_s": 1.584536722075362,
    "training_elapsed_s": 7573.191477874294,
    "val_batch_size": 32,
    "val_ebno_db": "multi",
    "val_ebno_db_values": [
      -4.0,
      -2.0,
      0.0,
      2.0,
      4.0
    ],
    "val_microbatch_size": 16,
    "val_nmse_ls": 0.09140709888500471,
    "val_nmse_prop": 0.02530455816304311,
    "val_snr_hist": {
      "-2.0": 23,
      "-4.0": 16,
      "0.0": 19,
      "2.0": 24,
      "4.0": 14
    },
    "val_user_count_hist": {
      "1": 9,
      "2": 11,
      "3": 28,
      "4": 48
    }
  },
  "latest_step": 12000,
  "latest_training_state_checkpoint": "/scratch/rsadve1/Extended_UPAIR_Narval_b32m16_portable/optuna/runs_1dmrs/clean_b32_prb8_d256_40k_smart_trueDMRS_u34610_1dmrs_stageB_mlpwide_d256_b4_r4/mlpwide_d256_b4_r4_trial_0003/checkpoints/training_state/ckpt-12000",
  "resume_enabled": true,
  "save_reason": "final",
  "total_steps": 12000,
  "training_complete": true,
  "training_parameters": {
    "batch_size_eval": 32,
    "batch_size_train": 32,
    "current_learning_rate": 6.69331566314213e-05,
    "eval_every": 1000,
    "evaluation_seed": 1007,
    "grad_clip_norm": 0.5,
    "learning_rate": 0.0008615971613699449,
    "learning_rate_schedule": {
      "decay_rate": 0.96,
      "decay_steps": 9000.0,
      "final_fraction": 0.07768497444401992,
      "learning_rate": 0.0008615971613699449,
      "polynomial_power": 1.0,
      "restart_first_decay_steps": 2500.0,
      "restart_m_mul": 0.8,
      "restart_t_mul": 2.0,
      "schedule": "cosine_decay"
    },
    "memory_cleanup_every_steps": 100,
    "nmse_loss_weight": 0.4267510938161323,
    "seed": 7,
    "training_seed": 7,
    "val_microbatch_size": 16,
    "val_steps": 96,
    "weight_decay": 6.619729995534349e-07
  }
}