{
  "best_val": 0.01869018003344536,
  "best_weights_path": "/scratch/rsadve1/Extended_UPAIR_Narval_b32m16_portable/TWC_plots_comprehensive/runs_rx16/seed7/1dmrs/wide_d320_b4_r2/checkpoints/best.weights.h5",
  "checkpoint_metrics": {
    "last_loss": -3.738109588623047,
    "last_nmse_ls": 0.04168860241770744,
    "last_nmse_prop": 0.012134633958339691
  },
  "last_metrics": {
    "ebno_db": 4.190004348754883,
    "learning_rate": 9.477220010012388e-05,
    "loss": -3.738109588623047,
    "loss_nll": -3.7388908863067627,
    "nmse_ls": 0.04168860241770744,
    "nmse_prop": 0.012134633958339691,
    "num_users": 2,
    "step": 40000,
    "step_elapsed_s": 169.97149169602199,
    "steps_per_s": 1.5173021977294157,
    "training_elapsed_s": 866.0107406199968,
    "val_batch_size": 32,
    "val_ebno_db": "multi",
    "val_ebno_db_values": [
      -4.0,
      -2.0,
      0.0,
      2.0,
      4.0
    ],
    "val_microbatch_size": 16,
    "val_nmse_ls": 0.09712811474067469,
    "val_nmse_prop": 0.019257712866722915,
    "val_snr_hist": {
      "-2.0": 20,
      "-4.0": 22,
      "0.0": 21,
      "2.0": 16,
      "4.0": 17
    },
    "val_user_count_hist": {
      "1": 4,
      "2": 12,
      "3": 27,
      "4": 53
    }
  },
  "latest_step": 40000,
  "latest_training_state_checkpoint": "/scratch/rsadve1/Extended_UPAIR_Narval_b32m16_portable/TWC_plots_comprehensive/runs_rx16/seed7/1dmrs/wide_d320_b4_r2/checkpoints/training_state/ckpt-40000",
  "resume_enabled": true,
  "save_reason": "final",
  "total_steps": 40000,
  "training_complete": true,
  "training_parameters": {
    "batch_size_eval": 32,
    "batch_size_train": 32,
    "current_learning_rate": 9.477220010012388e-05,
    "eval_every": 2000,
    "evaluation_seed": 1007,
    "grad_clip_norm": 0.5,
    "learning_rate": 0.0008750519993093886,
    "learning_rate_schedule": {
      "decay_rate": 0.96,
      "decay_steps": 50000.0,
      "final_fraction": 0.04207132643385709,
      "learning_rate": 0.0008750519993093886,
      "polynomial_power": 1.660055250588681,
      "restart_first_decay_steps": 2500.0,
      "restart_m_mul": 0.8,
      "restart_t_mul": 2.0,
      "schedule": "polynomial_decay"
    },
    "memory_cleanup_every_steps": 100,
    "nmse_loss_weight": 0.0643864199362532,
    "seed": 7,
    "training_seed": 7,
    "val_microbatch_size": 16,
    "val_steps": 96,
    "weight_decay": 8.74508633569595e-06
  }
}