{
  "params": {
    "batch_size_eval": 32,
    "batch_size_train": 32,
    "dropout": 0.08652035355411732,
    "grad_clip_norm": 0.5,
    "learning_rate": 0.0011857907911847518,
    "learning_rate_decay_fraction": 1.25,
    "learning_rate_final_fraction": 0.06864563080708674,
    "learning_rate_polynomial_power": 1.9643053008919682,
    "learning_rate_schedule": "polynomial_decay",
    "nmse_loss_weight": 0.14966877470979392,
    "residual_scale": 0.6335784878891889,
    "weight_decay": 1.4159684372561555e-07
  },
  "stage": "A",
  "study_name": "clean_b32_prb8_d256_40k_smart_u34610_1dmrs_stageA_shallow_d256_b2_r2",
  "trial_id": 16,
  "trial_number": 15
}