{
  "best_val": 0.023433570061267044,
  "best_weights_path": "/scratch/rsadve1/Extended_UPAIR_Narval_b32m16_portable/optuna/runs_1dmrs/clean_b32_prb8_d256_40k_smart_trueDMRS_u34610_1dmrs_stageB_wide_d320_b4_r2/wide_d320_b4_r2_trial_0007/checkpoints/best.weights.h5",
  "checkpoint_metrics": {
    "last_loss": -3.294689893722534,
    "last_nmse_ls": 0.039050206542015076,
    "last_nmse_prop": 0.017488012090325356
  },
  "last_metrics": {
    "ebno_db": 4.560781478881836,
    "learning_rate": 8.979197446024045e-05,
    "loss": -3.294689893722534,
    "loss_nll": -3.295538902282715,
    "nmse_ls": 0.039050206542015076,
    "nmse_prop": 0.017488012090325356,
    "num_users": 3,
    "step": 12000,
    "step_elapsed_s": 159.6699616694823,
    "steps_per_s": 1.5442143774443287,
    "training_elapsed_s": 7770.94176513236,
    "val_batch_size": 32,
    "val_ebno_db": "multi",
    "val_ebno_db_values": [
      -4.0,
      -2.0,
      0.0,
      2.0,
      4.0
    ],
    "val_microbatch_size": 16,
    "val_nmse_ls": 0.09128513039710622,
    "val_nmse_prop": 0.023603270111683134,
    "val_snr_hist": {
      "-2.0": 23,
      "-4.0": 16,
      "0.0": 19,
      "2.0": 24,
      "4.0": 14
    },
    "val_user_count_hist": {
      "1": 9,
      "2": 11,
      "3": 28,
      "4": 48
    }
  },
  "latest_step": 12000,
  "latest_training_state_checkpoint": "/scratch/rsadve1/Extended_UPAIR_Narval_b32m16_portable/optuna/runs_1dmrs/clean_b32_prb8_d256_40k_smart_trueDMRS_u34610_1dmrs_stageB_wide_d320_b4_r2/wide_d320_b4_r2_trial_0007/checkpoints/training_state/ckpt-12000",
  "resume_enabled": true,
  "save_reason": "final",
  "total_steps": 12000,
  "training_complete": true,
  "training_parameters": {
    "batch_size_eval": 32,
    "batch_size_train": 32,
    "current_learning_rate": 8.979197446024045e-05,
    "eval_every": 1000,
    "evaluation_seed": 1007,
    "grad_clip_norm": 2.0,
    "learning_rate": 0.0006810709185858287,
    "learning_rate_schedule": {
      "decay_rate": 0.96,
      "decay_steps": 9000.0,
      "final_fraction": 0.13183939943379788,
      "learning_rate": 0.0006810709185858287,
      "polynomial_power": 1.0,
      "restart_first_decay_steps": 2500.0,
      "restart_m_mul": 0.8,
      "restart_t_mul": 2.0,
      "schedule": "cosine_decay"
    },
    "memory_cleanup_every_steps": 100,
    "nmse_loss_weight": 0.048548188152969435,
    "seed": 7,
    "training_seed": 7,
    "val_microbatch_size": 16,
    "val_steps": 96,
    "weight_decay": 2.441482020708174e-05
  }
}