{
  "params": {
    "batch_size_eval": 32,
    "batch_size_train": 32,
    "dropout": 0.026582646562628855,
    "grad_clip_norm": 0.5,
    "learning_rate": 0.0010446337694145558,
    "learning_rate_decay_fraction": 1.0,
    "learning_rate_final_fraction": 0.07373152482812051,
    "learning_rate_polynomial_power": 1.0,
    "learning_rate_schedule": "cosine_decay",
    "nmse_loss_weight": 0.2854504975949094,
    "residual_scale": 0.6090350691424271,
    "weight_decay": 6.188464175838216e-07
  },
  "stage": "A",
  "study_name": "umiNorm_v1_b32_prb8_u34610_1dmrs_stageA_shallow_d256_b2_r2",
  "trial_id": 14,
  "trial_number": 13
}