{
  "best_val": 0.0672523725273398,
  "best_weights_path": "/scratch/rsadve1/Extended_UPAIR_Narval_b32m16_portable_underUMI/optuna/runs_1dmrs/umiNorm_v1_b32_prb8_u34610_1dmrs_stageA_mlpwide_d256_b4_r4/mlpwide_d256_b4_r4_trial_0012/checkpoints/best.weights.h5",
  "checkpoint_metrics": {
    "last_loss": -2.219285726547241,
    "last_nmse_ls": 0.06769630312919617,
    "last_nmse_prop": 0.04685414955019951
  },
  "last_metrics": {
    "ebno_db": 2.232823371887207,
    "learning_rate": 0.00011934903159271926,
    "loss": -2.219285726547241,
    "loss_nll": -2.232982635498047,
    "nmse_ls": 0.06769630312919617,
    "nmse_prop": 0.04685414955019951,
    "num_users": 3,
    "step": 4000,
    "step_elapsed_s": 264.7592874109978,
    "steps_per_s": 1.3757899852441795,
    "training_elapsed_s": 2907.4204950620187,
    "val_batch_size": 32,
    "val_ebno_db": "multi",
    "val_ebno_db_values": [
      -4.0,
      -2.0,
      0.0,
      2.0,
      4.0
    ],
    "val_microbatch_size": 16,
    "val_nmse_ls": 0.11423495997829984,
    "val_nmse_prop": 0.0672523725273398,
    "val_snr_hist": {
      "-2.0": 21,
      "-4.0": 21,
      "0.0": 22,
      "2.0": 17,
      "4.0": 15
    },
    "val_user_count_hist": {
      "1": 5,
      "2": 16,
      "3": 25,
      "4": 50
    }
  },
  "latest_step": 4000,
  "latest_training_state_checkpoint": "/scratch/rsadve1/Extended_UPAIR_Narval_b32m16_portable_underUMI/optuna/runs_1dmrs/umiNorm_v1_b32_prb8_u34610_1dmrs_stageA_mlpwide_d256_b4_r4/mlpwide_d256_b4_r4_trial_0012/checkpoints/training_state/ckpt-4000",
  "resume_enabled": true,
  "save_reason": "periodic",
  "total_steps": 4000,
  "training_complete": true,
  "training_parameters": {
    "batch_size_eval": 32,
    "batch_size_train": 32,
    "current_learning_rate": 0.00011934903159271926,
    "eval_every": 1000,
    "evaluation_seed": 1007,
    "grad_clip_norm": 0.5,
    "learning_rate": 0.00117179388576998,
    "learning_rate_schedule": {
      "decay_rate": 0.96,
      "decay_steps": 3000.0,
      "final_fraction": 0.10185155487120193,
      "learning_rate": 0.00117179388576998,
      "polynomial_power": 1.9151519915268624,
      "restart_first_decay_steps": 2500.0,
      "restart_m_mul": 0.8,
      "restart_t_mul": 2.0,
      "schedule": "polynomial_decay"
    },
    "memory_cleanup_every_steps": 100,
    "nmse_loss_weight": 0.2923286371851075,
    "seed": 7,
    "training_seed": 7,
    "val_microbatch_size": 16,
    "val_steps": 96,
    "weight_decay": 1.16667355802189e-07
  }
}