{
  "params": {
    "batch_size_eval": 32,
    "batch_size_train": 32,
    "dropout": 0.00046229460257700417,
    "grad_clip_norm": 0.5,
    "learning_rate": 0.0006537727499905641,
    "learning_rate_decay_fraction": 0.75,
    "learning_rate_final_fraction": 0.12715889599091257,
    "learning_rate_polynomial_power": 1.4132731949540764,
    "learning_rate_schedule": "polynomial_decay",
    "nmse_loss_weight": 0.36284324419302166,
    "residual_scale": 0.5896371455920416,
    "weight_decay": 2.2499915939443214e-06
  },
  "stage": "A",
  "study_name": "umiNorm_v1_b32_prb8_u34610_1dmrs_stageA_shallow_d256_b2_r2",
  "trial_id": 13,
  "trial_number": 12
}