{
  "best_val": 0.049076636001700535,
  "best_weights_path": "/lustre10/scratch/rsadve1/Extended_UPAIR_Narval_b32m16_portable_underUMI/UMI_training/runs_rx16/seed7/1dmrs/main_d256_b4_r2/checkpoints/best.weights.h5",
  "checkpoint_metrics": {
    "last_loss": -1.4598798751831055,
    "last_nmse_ls": 0.27606332302093506,
    "last_nmse_prop": 0.08831821382045746
  },
  "last_metrics": {
    "ebno_db": -5.951799392700195,
    "learning_rate": 0.0009643418597988784,
    "loss": -1.4598798751831055,
    "loss_nll": -1.4742331504821777,
    "nmse_ls": 0.27606332302093506,
    "nmse_prop": 0.08831821382045746,
    "num_users": 3,
    "step": 40000,
    "step_elapsed_s": 168.0090173180215,
    "steps_per_s": 1.888841640219102,
    "training_elapsed_s": 21177.000309756026,
    "val_batch_size": 16,
    "val_ebno_db": "multi",
    "val_ebno_db_values": [
      -4.0,
      -2.0,
      0.0,
      2.0,
      4.0
    ],
    "val_microbatch_size": 8,
    "val_nmse_ls": 0.10568769819413622,
    "val_nmse_prop": 0.049076636001700535,
    "val_snr_hist": {
      "-2.0": 17,
      "-4.0": 16,
      "0.0": 23,
      "2.0": 17,
      "4.0": 23
    },
    "val_user_count_hist": {
      "1": 3,
      "2": 10,
      "3": 29,
      "4": 54
    }
  },
  "latest_step": 40000,
  "latest_training_state_checkpoint": "/lustre10/scratch/rsadve1/Extended_UPAIR_Narval_b32m16_portable_underUMI/UMI_training/runs_rx16/seed7/1dmrs/main_d256_b4_r2/checkpoints/training_state/ckpt-40000",
  "resume_enabled": true,
  "save_reason": "final",
  "total_steps": 40000,
  "training_complete": true,
  "training_parameters": {
    "batch_size_eval": 16,
    "batch_size_train": 16,
    "current_learning_rate": 0.0009643418597988784,
    "eval_every": 2000,
    "evaluation_seed": 1007,
    "grad_clip_norm": 0.5,
    "learning_rate": 0.0009643418646698049,
    "learning_rate_schedule": {
      "decay_rate": 0.96,
      "decay_steps": 40000.0,
      "final_fraction": 0.05,
      "learning_rate": 0.0009643418646698049,
      "polynomial_power": 1.0,
      "restart_first_decay_steps": 2500.0,
      "restart_m_mul": 0.8,
      "restart_t_mul": 2.0,
      "schedule": "constant"
    },
    "memory_cleanup_every_steps": 25,
    "nmse_loss_weight": 0.16251789877216094,
    "seed": 7,
    "training_seed": 7,
    "val_microbatch_size": 8,
    "val_steps": 96,
    "weight_decay": 1.2083509754787337e-07
  }
}