{
  "best_val": 0.06395831437354597,
  "best_weights_path": "/lustre10/scratch/rsadve1/Extended_UPAIR_Narval_b32m16_portable_underUMI/optuna/runs_1dmrs/umiNorm_v1_b32_prb8_u34610_1dmrs_stageB_shallow_d256_b2_r2/shallow_d256_b2_r2_trial_0000/checkpoints/best.weights.h5",
  "checkpoint_metrics": {
    "last_loss": -1.1604082584381104,
    "last_nmse_ls": 0.25030577182769775,
    "last_nmse_prop": 0.12076012790203094
  },
  "last_metrics": {
    "ebno_db": -5.393690586090088,
    "learning_rate": 0.00015638979675713927,
    "loss": -1.1604082584381104,
    "loss_nll": -1.2106244564056396,
    "nmse_ls": 0.25030577182769775,
    "nmse_prop": 0.12076012790203094,
    "num_users": 3,
    "step": 12000,
    "step_elapsed_s": 131.35152603196912,
    "steps_per_s": 2.104832887657114,
    "training_elapsed_s": 5701.165194808971,
    "val_batch_size": 16,
    "val_ebno_db": "multi",
    "val_ebno_db_values": [
      -4.0,
      -2.0,
      0.0,
      2.0,
      4.0
    ],
    "val_microbatch_size": 8,
    "val_nmse_ls": 0.10803883707073207,
    "val_nmse_prop": 0.06435731386106151,
    "val_snr_hist": {
      "-2.0": 23,
      "-4.0": 16,
      "0.0": 19,
      "2.0": 24,
      "4.0": 14
    },
    "val_user_count_hist": {
      "1": 9,
      "2": 11,
      "3": 28,
      "4": 48
    }
  },
  "latest_step": 12000,
  "latest_training_state_checkpoint": "/lustre10/scratch/rsadve1/Extended_UPAIR_Narval_b32m16_portable_underUMI/optuna/runs_1dmrs/umiNorm_v1_b32_prb8_u34610_1dmrs_stageB_shallow_d256_b2_r2/shallow_d256_b2_r2_trial_0000/checkpoints/training_state/ckpt-12000",
  "resume_enabled": true,
  "save_reason": "final",
  "total_steps": 12000,
  "training_complete": true,
  "training_parameters": {
    "batch_size_eval": 16,
    "batch_size_train": 16,
    "current_learning_rate": 0.00015638979675713927,
    "eval_every": 1000,
    "evaluation_seed": 1007,
    "grad_clip_norm": 0.5,
    "learning_rate": 0.0008879971670485024,
    "learning_rate_schedule": {
      "decay_rate": 0.96,
      "decay_steps": 15000.0,
      "final_fraction": 0.08107556792162035,
      "learning_rate": 0.0008879971670485024,
      "polynomial_power": 1.4100449868075324,
      "restart_first_decay_steps": 2500.0,
      "restart_m_mul": 0.8,
      "restart_t_mul": 2.0,
      "schedule": "polynomial_decay"
    },
    "memory_cleanup_every_steps": 25,
    "nmse_loss_weight": 0.4158340307310977,
    "seed": 7,
    "training_seed": 7,
    "val_microbatch_size": 8,
    "val_steps": 96,
    "weight_decay": 3.680522597176811e-07
  }
}