{
  "best_val": 0.06130032055079937,
  "best_weights_path": "/lustre10/scratch/rsadve1/Extended_UPAIR_Narval_b32m16_portable_underUMI/optuna/runs_1dmrs/umiNorm_v1_b32_prb8_u34610_1dmrs_stageB_wide_d320_b4_r2/wide_d320_b4_r2_trial_0001/checkpoints/best.weights.h5",
  "checkpoint_metrics": {
    "last_loss": -1.2222859859466553,
    "last_nmse_ls": 0.2513401210308075,
    "last_nmse_prop": 0.11175473779439926
  },
  "last_metrics": {
    "ebno_db": -5.393690586090088,
    "learning_rate": 7.221508712973446e-05,
    "loss": -1.2222859859466553,
    "loss_nll": -1.257625937461853,
    "nmse_ls": 0.2513401210308075,
    "nmse_prop": 0.11175473779439926,
    "num_users": 3,
    "step": 12000,
    "step_elapsed_s": 163.16171855898574,
    "steps_per_s": 1.3613947967374647,
    "training_elapsed_s": 8814.489396285033,
    "val_batch_size": 8,
    "val_ebno_db": "multi",
    "val_ebno_db_values": [
      -4.0,
      -2.0,
      0.0,
      2.0,
      4.0
    ],
    "val_microbatch_size": 4,
    "val_nmse_ls": 0.10998756702368458,
    "val_nmse_prop": 0.06327915050981876,
    "val_snr_hist": {
      "-2.0": 23,
      "-4.0": 16,
      "0.0": 19,
      "2.0": 24,
      "4.0": 14
    },
    "val_user_count_hist": {
      "1": 9,
      "2": 11,
      "3": 28,
      "4": 48
    }
  },
  "latest_step": 12000,
  "latest_training_state_checkpoint": "/lustre10/scratch/rsadve1/Extended_UPAIR_Narval_b32m16_portable_underUMI/optuna/runs_1dmrs/umiNorm_v1_b32_prb8_u34610_1dmrs_stageB_wide_d320_b4_r2/wide_d320_b4_r2_trial_0001/checkpoints/training_state/ckpt-12000",
  "resume_enabled": true,
  "save_reason": "final",
  "total_steps": 12000,
  "training_complete": true,
  "training_parameters": {
    "batch_size_eval": 8,
    "batch_size_train": 8,
    "current_learning_rate": 7.221508712973446e-05,
    "eval_every": 1000,
    "evaluation_seed": 1007,
    "grad_clip_norm": 0.5,
    "learning_rate": 0.0008788509854471044,
    "learning_rate_schedule": {
      "decay_rate": 0.96,
      "decay_steps": 15000.0,
      "final_fraction": 0.02988330276131284,
      "learning_rate": 0.0008788509854471044,
      "polynomial_power": 1.8150943967789455,
      "restart_first_decay_steps": 2500.0,
      "restart_m_mul": 0.8,
      "restart_t_mul": 2.0,
      "schedule": "polynomial_decay"
    },
    "memory_cleanup_every_steps": 10,
    "nmse_loss_weight": 0.31622756612199476,
    "seed": 7,
    "training_seed": 7,
    "val_microbatch_size": 4,
    "val_steps": 96,
    "weight_decay": 8.507887091089711e-06
  }
}