{
  "best_val": 0.08419766092750554,
  "best_weights_path": "/scratch/rsadve1/Extended_UPAIR_Narval_b32m16_portable_underUMI/optuna/runs_1dmrs/umiNorm_v1_b32_prb8_u34610_1dmrs_stageA_shallow_d256_b2_r2/shallow_d256_b2_r2_trial_0011/checkpoints/best.weights.h5",
  "checkpoint_metrics": {
    "last_loss": -1.1053487062454224,
    "last_nmse_ls": 0.21249349415302277,
    "last_nmse_prop": 0.11837155371904373
  },
  "last_metrics": {
    "ebno_db": -4.886449813842773,
    "learning_rate": 0.0005535014788620174,
    "loss": -1.1053487062454224,
    "loss_nll": -1.1479352712631226,
    "nmse_ls": 0.21249349415302277,
    "nmse_prop": 0.11837155371904373,
    "num_users": 1,
    "step": 1000,
    "step_elapsed_s": 138.19324541301467,
    "steps_per_s": 1.6901154851498545,
    "training_elapsed_s": 591.6755445331801,
    "val_batch_size": 32,
    "val_ebno_db": "multi",
    "val_ebno_db_values": [
      -4.0,
      -2.0,
      0.0,
      2.0,
      4.0
    ],
    "val_microbatch_size": 16,
    "val_nmse_ls": 0.106999559502583,
    "val_nmse_prop": 0.08419766092750554,
    "val_snr_hist": {
      "-2.0": 21,
      "-4.0": 15,
      "0.0": 23,
      "2.0": 21,
      "4.0": 16
    },
    "val_user_count_hist": {
      "1": 4,
      "2": 19,
      "3": 37,
      "4": 36
    }
  },
  "latest_step": 1000,
  "latest_training_state_checkpoint": "/scratch/rsadve1/Extended_UPAIR_Narval_b32m16_portable_underUMI/optuna/runs_1dmrs/umiNorm_v1_b32_prb8_u34610_1dmrs_stageA_shallow_d256_b2_r2/shallow_d256_b2_r2_trial_0011/checkpoints/training_state/ckpt-1000",
  "resume_enabled": true,
  "save_reason": "periodic",
  "total_steps": 4000,
  "training_complete": false,
  "training_parameters": {
    "batch_size_eval": 32,
    "batch_size_train": 32,
    "current_learning_rate": 0.0005535014788620174,
    "eval_every": 1000,
    "evaluation_seed": 1007,
    "grad_clip_norm": 0.5,
    "learning_rate": 0.0007352485628292937,
    "learning_rate_schedule": {
      "decay_rate": 0.96,
      "decay_steps": 5000.0,
      "final_fraction": 0.12483731988648952,
      "learning_rate": 0.0007352485628292937,
      "polynomial_power": 1.48911960578789,
      "restart_first_decay_steps": 2500.0,
      "restart_m_mul": 0.8,
      "restart_t_mul": 2.0,
      "schedule": "polynomial_decay"
    },
    "memory_cleanup_every_steps": 100,
    "nmse_loss_weight": 0.35977031346013616,
    "seed": 7,
    "training_seed": 7,
    "val_microbatch_size": 16,
    "val_steps": 96,
    "weight_decay": 1.7153987068647464e-07
  }
}