{
  "params": {
    "batch_size_eval": 32,
    "batch_size_train": 32,
    "dropout": 0.03968035867532527,
    "grad_clip_norm": 0.5,
    "learning_rate": 0.0006455699557387162,
    "learning_rate_decay_fraction": 1.25,
    "learning_rate_final_fraction": 0.027663348264067775,
    "learning_rate_polynomial_power": 1.0,
    "learning_rate_schedule": "cosine_decay",
    "nmse_loss_weight": 0.13376345096445824,
    "residual_scale": 0.16504077912433585,
    "weight_decay": 1.5841563711156296e-05
  },
  "stage": "B",
  "study_name": "clean_b32_prb8_d256_40k_smart_trueDMRS_u34610_1dmrs_stageB_main_d256_b4_r2",
  "trial_id": 7,
  "trial_number": 6
}