{
  "params": {
    "batch_size_eval": 32,
    "batch_size_train": 32,
    "dropout": 0.01757803968435169,
    "grad_clip_norm": 2.0,
    "learning_rate": 0.0007185507645087983,
    "learning_rate_decay_fraction": 0.75,
    "learning_rate_final_fraction": 0.0144562406389355,
    "learning_rate_polynomial_power": 1.0,
    "learning_rate_schedule": "cosine_decay",
    "nmse_loss_weight": 0.10610530560161426,
    "residual_scale": 0.6895353201174697,
    "weight_decay": 2.735175242733181e-07
  },
  "stage": "B",
  "study_name": "clean_b32_prb8_d256_40k_smart_trueDMRS_u34610_1dmrs_stageB_deep_d256_b6_r2",
  "trial_id": 8,
  "trial_number": 7
}