{
  "best_val": 0.06821229343768209,
  "best_weights_path": "/lustre10/scratch/rsadve1/Extended_UPAIR_Narval_b32m16_portable_underUMI/optuna/runs_1dmrs/umiNorm_v1_b32_prb8_u34610_1dmrs_stageB_main_d256_b4_r2/main_d256_b4_r2_trial_0005/checkpoints/best.weights.h5",
  "checkpoint_metrics": {
    "last_loss": -1.6921172142028809,
    "last_nmse_ls": 0.13342197239398956,
    "last_nmse_prop": 0.0746554583311081
  },
  "last_metrics": {
    "ebno_db": -1.9963059425354004,
    "learning_rate": 0.00010019867477240041,
    "loss": -1.6921172142028809,
    "loss_nll": -1.715775966644287,
    "nmse_ls": 0.13342197239398956,
    "nmse_prop": 0.0746554583311081,
    "num_users": 3,
    "step": 6518,
    "step_elapsed_s": 0.3868565660013701,
    "steps_per_s": 1.7996811319870034,
    "training_elapsed_s": 3621.7527006040036
  },
  "latest_step": 6518,
  "latest_training_state_checkpoint": "/lustre10/scratch/rsadve1/Extended_UPAIR_Narval_b32m16_portable_underUMI/optuna/runs_1dmrs/umiNorm_v1_b32_prb8_u34610_1dmrs_stageB_main_d256_b4_r2/main_d256_b4_r2_trial_0005/checkpoints/training_state/ckpt-6518",
  "resume_enabled": true,
  "save_reason": "resource_exhausted",
  "total_steps": 12000,
  "training_complete": false,
  "training_parameters": {
    "batch_size_eval": 32,
    "batch_size_train": 32,
    "current_learning_rate": 0.00010017104796133935,
    "eval_every": 1000,
    "evaluation_seed": 1007,
    "grad_clip_norm": 0.5,
    "learning_rate": 0.0002210893178410695,
    "learning_rate_schedule": {
      "decay_rate": 0.96,
      "decay_steps": 12000.0,
      "final_fraction": 0.036430683993363126,
      "learning_rate": 0.0002210893178410695,
      "polynomial_power": 1.0,
      "restart_first_decay_steps": 2500.0,
      "restart_m_mul": 0.8,
      "restart_t_mul": 2.0,
      "schedule": "cosine_decay"
    },
    "memory_cleanup_every_steps": 100,
    "nmse_loss_weight": 0.3169058880316735,
    "seed": 7,
    "training_seed": 7,
    "val_microbatch_size": 16,
    "val_steps": 96,
    "weight_decay": 1.613671536589336e-06
  }
}