{
  "best_val": 0.02315067723490453,
  "best_weights_path": "/scratch/rsadve1/Extended_UPAIR_Narval_b32m16_portable/TWC_plots_comprehensive/runs_rx16/seed7/1dmrs/shallow_d256_b2_r2/checkpoints/best.weights.h5",
  "checkpoint_metrics": {
    "last_loss": -2.820099115371704,
    "last_nmse_ls": 0.09830033034086227,
    "last_nmse_prop": 0.02378043159842491
  },
  "last_metrics": {
    "ebno_db": -1.2238612174987793,
    "learning_rate": 0.00013412223779596388,
    "loss": -2.820099115371704,
    "loss_nll": -2.8267905712127686,
    "nmse_ls": 0.09830033034086227,
    "nmse_prop": 0.02378043159842491,
    "num_users": 3,
    "step": 40000,
    "step_elapsed_s": 119.4755594599992,
    "steps_per_s": 2.0716839531718136,
    "training_elapsed_s": 19307.964392328635,
    "val_batch_size": 32,
    "val_ebno_db": "multi",
    "val_ebno_db_values": [
      -4.0,
      -2.0,
      0.0,
      2.0,
      4.0
    ],
    "val_microbatch_size": 16,
    "val_nmse_ls": 0.08738396648550406,
    "val_nmse_prop": 0.02315067723490453,
    "val_snr_hist": {
      "-2.0": 17,
      "-4.0": 16,
      "0.0": 23,
      "2.0": 17,
      "4.0": 23
    },
    "val_user_count_hist": {
      "1": 3,
      "2": 10,
      "3": 29,
      "4": 54
    }
  },
  "latest_step": 40000,
  "latest_training_state_checkpoint": "/scratch/rsadve1/Extended_UPAIR_Narval_b32m16_portable/TWC_plots_comprehensive/runs_rx16/seed7/1dmrs/shallow_d256_b2_r2/checkpoints/training_state/ckpt-40000",
  "resume_enabled": true,
  "save_reason": "final",
  "total_steps": 40000,
  "training_complete": true,
  "training_parameters": {
    "batch_size_eval": 32,
    "batch_size_train": 32,
    "current_learning_rate": 0.00013412223779596388,
    "eval_every": 2000,
    "evaluation_seed": 1007,
    "grad_clip_norm": 0.5,
    "learning_rate": 0.0009853008740127948,
    "learning_rate_schedule": {
      "decay_rate": 0.96,
      "decay_steps": 40000.0,
      "final_fraction": 0.13612300501692498,
      "learning_rate": 0.0009853008740127948,
      "polynomial_power": 1.4955832928541228,
      "restart_first_decay_steps": 2500.0,
      "restart_m_mul": 0.8,
      "restart_t_mul": 2.0,
      "schedule": "polynomial_decay"
    },
    "memory_cleanup_every_steps": 100,
    "nmse_loss_weight": 0.28138694530297775,
    "seed": 7,
    "training_seed": 7,
    "val_microbatch_size": 16,
    "val_steps": 96,
    "weight_decay": 5.389013158367834e-07
  }
}