{
  "params": {
    "batch_size_eval": 32,
    "batch_size_train": 32,
    "dropout": 0.0321530053557508,
    "grad_clip_norm": 0.5,
    "learning_rate": 0.000495924899518785,
    "learning_rate_decay_fraction": 1.0,
    "learning_rate_final_fraction": 0.10606214932972537,
    "learning_rate_polynomial_power": 1.0,
    "learning_rate_schedule": "cosine_decay",
    "nmse_loss_weight": 0.4675091522380364,
    "residual_scale": 0.1562688440252098,
    "weight_decay": 7.566305554404637e-05
  },
  "stage": "A",
  "study_name": "clean_b32_prb8_d256_40k_smart_u34610_1dmrs_stageA_wide_deep_d320_b6_r2",
  "trial_id": 16,
  "trial_number": 15
}