{
  "params": {
    "batch_size_eval": 32,
    "batch_size_train": 32,
    "dropout": 0.014252428885093631,
    "grad_clip_norm": 2.0,
    "learning_rate": 0.000499296531576639,
    "learning_rate_decay_fraction": 1.25,
    "learning_rate_final_fraction": 0.08532941930070892,
    "learning_rate_polynomial_power": 1.906536056788313,
    "learning_rate_schedule": "polynomial_decay",
    "nmse_loss_weight": 0.0368828255306414,
    "residual_scale": 0.557653186207745,
    "weight_decay": 2.2674332242770466e-06
  },
  "stage": "A",
  "study_name": "umiNorm_v1_b32_prb8_u34610_1dmrs_stageA_wide_d320_b4_r2",
  "trial_id": 12,
  "trial_number": 11
}