{
  "best_val": 0.059516424943770595,
  "best_weights_path": "/lustre10/scratch/rsadve1/Extended_UPAIR_Narval_b32m16_portable_underUMI/optuna/runs_1dmrs/umiNorm_v1_b32_prb8_u34610_1dmrs_stageB_wide_deep_d320_b6_r2/wide_deep_d320_b6_r2_trial_0004/checkpoints/best.weights.h5",
  "checkpoint_metrics": {
    "last_loss": -2.485440492630005,
    "last_nmse_ls": 0.08719068020582199,
    "last_nmse_prop": 0.036543603986501694
  },
  "last_metrics": {
    "ebno_db": 0.7753777503967285,
    "learning_rate": 0.0007584058330394328,
    "loss": -2.485440492630005,
    "loss_nll": -2.4952101707458496,
    "nmse_ls": 0.08719068020582199,
    "nmse_prop": 0.036543603986501694,
    "num_users": 1,
    "step": 6538,
    "step_elapsed_s": 0.4153438159264624,
    "steps_per_s": 1.4032547636981905,
    "training_elapsed_s": 4659.168220294872
  },
  "latest_step": 6538,
  "latest_training_state_checkpoint": "/lustre10/scratch/rsadve1/Extended_UPAIR_Narval_b32m16_portable_underUMI/optuna/runs_1dmrs/umiNorm_v1_b32_prb8_u34610_1dmrs_stageB_wide_deep_d320_b6_r2/wide_deep_d320_b6_r2_trial_0004/checkpoints/training_state/ckpt-6538",
  "resume_enabled": true,
  "save_reason": "resource_exhausted",
  "total_steps": 12000,
  "training_complete": false,
  "training_parameters": {
    "batch_size_eval": 32,
    "batch_size_train": 32,
    "current_learning_rate": 0.0007582927937619388,
    "eval_every": 1000,
    "evaluation_seed": 1007,
    "grad_clip_norm": 0.5,
    "learning_rate": 0.001199270587979418,
    "learning_rate_schedule": {
      "decay_rate": 0.96,
      "decay_steps": 15000.0,
      "final_fraction": 0.08059905686377618,
      "learning_rate": 0.001199270587979418,
      "polynomial_power": 1.0,
      "restart_first_decay_steps": 2500.0,
      "restart_m_mul": 0.8,
      "restart_t_mul": 2.0,
      "schedule": "cosine_decay"
    },
    "memory_cleanup_every_steps": 100,
    "nmse_loss_weight": 0.26734213832907167,
    "seed": 7,
    "training_seed": 7,
    "val_microbatch_size": 16,
    "val_steps": 96,
    "weight_decay": 8.271896538834887e-06
  }
}