{
  "best_val": 0.06512334832223132,
  "best_weights_path": "/lustre10/scratch/rsadve1/Extended_UPAIR_Narval_b32m16_portable_underUMI/optuna/runs_1dmrs/umiNorm_v1_b32_prb8_u34610_1dmrs_stageB_mlpwide_d256_b4_r4/mlpwide_d256_b4_r4_trial_0000/checkpoints/best.weights.h5",
  "checkpoint_metrics": {
    "last_loss": -1.8914873600006104,
    "last_nmse_ls": 0.10133533179759979,
    "last_nmse_prop": 0.06042971462011337
  },
  "last_metrics": {
    "ebno_db": -0.5073971748352051,
    "learning_rate": 0.000538386928383261,
    "loss": -1.8914873600006104,
    "loss_nll": -1.9171204566955566,
    "nmse_ls": 0.10133533179759979,
    "nmse_prop": 0.06042971462011337,
    "num_users": 2,
    "step": 7413,
    "step_elapsed_s": 0.3375214231200516,
    "steps_per_s": 1.8252872678923346,
    "training_elapsed_s": 4061.2785342878196
  },
  "latest_step": 7413,
  "latest_training_state_checkpoint": "/lustre10/scratch/rsadve1/Extended_UPAIR_Narval_b32m16_portable_underUMI/optuna/runs_1dmrs/umiNorm_v1_b32_prb8_u34610_1dmrs_stageB_mlpwide_d256_b4_r4/mlpwide_d256_b4_r4_trial_0000/checkpoints/training_state/ckpt-7413",
  "resume_enabled": true,
  "save_reason": "resource_exhausted",
  "total_steps": 12000,
  "training_complete": false,
  "training_parameters": {
    "batch_size_eval": 16,
    "batch_size_train": 16,
    "current_learning_rate": 0.0005382901290431619,
    "eval_every": 1000,
    "evaluation_seed": 1007,
    "grad_clip_norm": 0.5,
    "learning_rate": 0.0009916776979607758,
    "learning_rate_schedule": {
      "decay_rate": 0.96,
      "decay_steps": 15000.0,
      "final_fraction": 0.06864563080708674,
      "learning_rate": 0.0009916776979607758,
      "polynomial_power": 1.0,
      "restart_first_decay_steps": 2500.0,
      "restart_m_mul": 0.8,
      "restart_t_mul": 2.0,
      "schedule": "cosine_decay"
    },
    "memory_cleanup_every_steps": 25,
    "nmse_loss_weight": 0.42417983955700533,
    "seed": 7,
    "training_seed": 7,
    "val_microbatch_size": 8,
    "val_steps": 96,
    "weight_decay": 1.4653849050497994e-07
  }
}