{
  "best_val": 0.044380101297671594,
  "best_weights_path": "/scratch/rsadve1/Extended_UPAIR_Narval_b32m16_portable/optuna/runs_1dmrs/clean_b32_prb8_d256_40k_smart_u34610_1dmrs_stageA_narrow_d192_b4_r2/narrow_d192_b4_r2_trial_0003/checkpoints/best.weights.h5",
  "checkpoint_metrics": {
    "last_loss": -1.8773791790008545,
    "last_nmse_ls": 0.15192320942878723,
    "last_nmse_prop": 0.05983215942978859
  },
  "last_metrics": {
    "ebno_db": -3.3554575443267822,
    "learning_rate": 2.374956056883093e-05,
    "loss": -1.8773791790008545,
    "loss_nll": -1.8832694292068481,
    "nmse_ls": 0.15192320942878723,
    "nmse_prop": 0.05983215942978859,
    "num_users": 3,
    "step": 4000,
    "step_elapsed_s": 190.84264157246798,
    "steps_per_s": 1.471458953430332,
    "training_elapsed_s": 2718.390472717583,
    "val_batch_size": 32,
    "val_ebno_db": "multi",
    "val_ebno_db_values": [
      -4.0,
      -2.0,
      0.0,
      2.0,
      4.0
    ],
    "val_microbatch_size": 16,
    "val_nmse_ls": 0.096839920792263,
    "val_nmse_prop": 0.044380101297671594,
    "val_snr_hist": {
      "-2.0": 21,
      "-4.0": 21,
      "0.0": 22,
      "2.0": 17,
      "4.0": 15
    },
    "val_user_count_hist": {
      "1": 5,
      "2": 16,
      "3": 25,
      "4": 50
    }
  },
  "latest_step": 4000,
  "latest_training_state_checkpoint": "/scratch/rsadve1/Extended_UPAIR_Narval_b32m16_portable/optuna/runs_1dmrs/clean_b32_prb8_d256_40k_smart_u34610_1dmrs_stageA_narrow_d192_b4_r2/narrow_d192_b4_r2_trial_0003/checkpoints/training_state/ckpt-4000",
  "resume_enabled": true,
  "save_reason": "final",
  "total_steps": 4000,
  "training_complete": true,
  "training_parameters": {
    "batch_size_eval": 32,
    "batch_size_train": 32,
    "current_learning_rate": 2.374956056883093e-05,
    "eval_every": 1000,
    "evaluation_seed": 1007,
    "grad_clip_norm": 1.0,
    "learning_rate": 0.0002150875602723823,
    "learning_rate_schedule": {
      "decay_rate": 0.96,
      "decay_steps": 5000.0,
      "final_fraction": 0.016301500139320635,
      "learning_rate": 0.0002150875602723823,
      "polynomial_power": 1.0,
      "restart_first_decay_steps": 2500.0,
      "restart_m_mul": 0.8,
      "restart_t_mul": 2.0,
      "schedule": "cosine_decay"
    },
    "memory_cleanup_every_steps": 100,
    "nmse_loss_weight": 0.09844608545417897,
    "seed": 7,
    "training_seed": 7,
    "val_microbatch_size": 16,
    "val_steps": 96,
    "weight_decay": 2.795475110283828e-05
  }
}