{
  "params": {
    "batch_size_eval": 32,
    "batch_size_train": 32,
    "dropout": 0.06795877702490988,
    "grad_clip_norm": 0.5,
    "learning_rate": 0.00048193907251447004,
    "learning_rate_decay_fraction": 0.75,
    "learning_rate_final_fraction": 0.09408913277850045,
    "learning_rate_polynomial_power": 1.0,
    "learning_rate_schedule": "cosine_decay",
    "nmse_loss_weight": 0.3736185483790122,
    "residual_scale": 0.15766624845674745,
    "weight_decay": 6.384140116276939e-07
  },
  "stage": "A",
  "study_name": "clean_b32_prb8_d256_40k_smart_u34610_1dmrs_stageA_wide_d320_b4_r2",
  "trial_id": 9,
  "trial_number": 8
}