{
  "params": {
    "batch_size_eval": 32,
    "batch_size_train": 32,
    "dropout": 0.026048548443043325,
    "grad_clip_norm": 1.0,
    "learning_rate": 0.0010722712465039233,
    "learning_rate_decay_fraction": 1.25,
    "learning_rate_final_fraction": 0.013455463102203497,
    "learning_rate_polynomial_power": 1.0,
    "learning_rate_schedule": "cosine_decay",
    "nmse_loss_weight": 0.07297232704908012,
    "residual_scale": 0.2243945712461631,
    "weight_decay": 1.1879744855660946e-05
  },
  "stage": "B",
  "study_name": "clean_b32_prb8_d256_40k_smart_trueDMRS_u34610_1dmrs_stageB_wide_deep_d320_b6_r2",
  "trial_id": 8,
  "trial_number": 7
}