{
  "params": {
    "batch_size_eval": 32,
    "batch_size_train": 32,
    "dropout": 0.05381820569592541,
    "grad_clip_norm": 0.5,
    "learning_rate": 0.0011389546245759569,
    "learning_rate_decay_fraction": 0.75,
    "learning_rate_final_fraction": 0.05727073689446709,
    "learning_rate_polynomial_power": 1.0,
    "learning_rate_schedule": "cosine_decay",
    "nmse_loss_weight": 0.14471917040146945,
    "residual_scale": 0.5140994248971258,
    "weight_decay": 2.2392225291228357e-07
  },
  "stage": "A",
  "study_name": "clean_b32_prb8_d256_40k_smart_u34610_1dmrs_stageA_deep_d256_b6_r2",
  "trial_id": 19,
  "trial_number": 18
}