{
  "params": {
    "batch_size_eval": 32,
    "batch_size_train": 32,
    "dropout": 0.06268681536019342,
    "grad_clip_norm": 2.0,
    "learning_rate": 0.0005282942092946875,
    "learning_rate_decay_fraction": 0.75,
    "learning_rate_final_fraction": 0.024074361764179382,
    "learning_rate_polynomial_power": 1.0905445756134515,
    "learning_rate_schedule": "polynomial_decay",
    "nmse_loss_weight": 0.0963980983750926,
    "residual_scale": 0.42637817769796615,
    "weight_decay": 3.5182369647795597e-07
  },
  "stage": "A",
  "study_name": "clean_b32_prb8_d256_40k_smart_u34610_1dmrs_stageA_wide_d320_b4_r2",
  "trial_id": 6,
  "trial_number": 5
}