{
  "params": {
    "batch_size_eval": 32,
    "batch_size_train": 32,
    "dropout": 0.007700648798378345,
    "grad_clip_norm": 0.5,
    "learning_rate": 0.0011194142556839183,
    "learning_rate_decay_fraction": 1.25,
    "learning_rate_final_fraction": 0.03995121225244404,
    "learning_rate_polynomial_power": 1.5259288638269477,
    "learning_rate_schedule": "polynomial_decay",
    "nmse_loss_weight": 0.06523425274380522,
    "residual_scale": 0.6639079530952303,
    "weight_decay": 5.778735770825256e-06
  },
  "stage": "A",
  "study_name": "umiNorm_v1_b32_prb8_u34610_1dmrs_stageA_wide_d320_b4_r2",
  "trial_id": 13,
  "trial_number": 12
}