{
  "best_val": 0.05308689364270928,
  "best_weights_path": "/lustre10/scratch/rsadve1/Extended_UPAIR_Narval_b32m16_portable_underUMI/optuna/runs_1dmrs/umiNorm_v1_b32_prb8_u34610_1dmrs_stageB_wide_d320_b4_r2/wide_d320_b4_r2_trial_0000/checkpoints/best.weights.h5",
  "checkpoint_metrics": {
    "last_loss": -2.2364704608917236,
    "last_nmse_ls": 0.06572958827018738,
    "last_nmse_prop": 0.04692035913467407
  },
  "last_metrics": {
    "ebno_db": 4.274147033691406,
    "learning_rate": 0.0009643418597988784,
    "loss": -2.2364704608917236,
    "loss_nll": -2.244095802307129,
    "nmse_ls": 0.06572958827018738,
    "nmse_prop": 0.04692035913467407,
    "num_users": 3,
    "step": 11239,
    "step_elapsed_s": 0.35605794400908053,
    "steps_per_s": 1.8146385641413643,
    "training_elapsed_s": 6193.51986786304
  },
  "latest_step": 11239,
  "latest_training_state_checkpoint": "/lustre10/scratch/rsadve1/Extended_UPAIR_Narval_b32m16_portable_underUMI/optuna/runs_1dmrs/umiNorm_v1_b32_prb8_u34610_1dmrs_stageB_wide_d320_b4_r2/wide_d320_b4_r2_trial_0000/checkpoints/training_state/ckpt-11239",
  "resume_enabled": true,
  "save_reason": "resource_exhausted",
  "total_steps": 12000,
  "training_complete": false,
  "training_parameters": {
    "batch_size_eval": 16,
    "batch_size_train": 16,
    "current_learning_rate": 0.0009643418597988784,
    "eval_every": 1000,
    "evaluation_seed": 1007,
    "grad_clip_norm": 0.5,
    "learning_rate": 0.0009643418646698049,
    "learning_rate_schedule": {
      "decay_rate": 0.96,
      "decay_steps": 12000.0,
      "final_fraction": 0.05,
      "learning_rate": 0.0009643418646698049,
      "polynomial_power": 1.0,
      "restart_first_decay_steps": 2500.0,
      "restart_m_mul": 0.8,
      "restart_t_mul": 2.0,
      "schedule": "constant"
    },
    "memory_cleanup_every_steps": 25,
    "nmse_loss_weight": 0.16251789877216094,
    "seed": 7,
    "training_seed": 7,
    "val_microbatch_size": 8,
    "val_steps": 96,
    "weight_decay": 1.2083509754787337e-07
  }
}