{
  "best_val": 0.038253328598026805,
  "best_weights_path": "/scratch/rsadve1/Extended_UPAIR_Narval_b32m16_portable/optuna/runs_1dmrs/clean_b32_prb8_d256_40k_smart_u34610_1dmrs_stageA_deep_d256_b6_r2/deep_d256_b6_r2_trial_0019/checkpoints/best.weights.h5",
  "checkpoint_metrics": {
    "last_loss": -2.09391188621521,
    "last_nmse_ls": 0.1180398091673851,
    "last_nmse_prop": 0.04698080196976662
  },
  "last_metrics": {
    "ebno_db": -2.1212663650512695,
    "learning_rate": 0.0007504773675464094,
    "loss": -2.09391188621521,
    "loss_nll": -2.1008198261260986,
    "nmse_ls": 0.1180398091673851,
    "nmse_prop": 0.04698080196976662,
    "num_users": 1,
    "step": 1000,
    "step_elapsed_s": 212.05583918374032,
    "steps_per_s": 1.3191957279196296,
    "training_elapsed_s": 758.0376276513562,
    "val_batch_size": 32,
    "val_ebno_db": "multi",
    "val_ebno_db_values": [
      -4.0,
      -2.0,
      0.0,
      2.0,
      4.0
    ],
    "val_microbatch_size": 16,
    "val_nmse_ls": 0.08948561432771385,
    "val_nmse_prop": 0.038253328598026805,
    "val_snr_hist": {
      "-2.0": 21,
      "-4.0": 15,
      "0.0": 23,
      "2.0": 21,
      "4.0": 16
    },
    "val_user_count_hist": {
      "1": 4,
      "2": 19,
      "3": 37,
      "4": 36
    }
  },
  "latest_step": 1000,
  "latest_training_state_checkpoint": "/scratch/rsadve1/Extended_UPAIR_Narval_b32m16_portable/optuna/runs_1dmrs/clean_b32_prb8_d256_40k_smart_u34610_1dmrs_stageA_deep_d256_b6_r2/deep_d256_b6_r2_trial_0019/checkpoints/training_state/ckpt-1000",
  "resume_enabled": true,
  "save_reason": "periodic",
  "total_steps": 4000,
  "training_complete": false,
  "training_parameters": {
    "batch_size_eval": 32,
    "batch_size_train": 32,
    "current_learning_rate": 0.0007504773675464094,
    "eval_every": 1000,
    "evaluation_seed": 1007,
    "grad_clip_norm": 1.0,
    "learning_rate": 0.0009810627968785922,
    "learning_rate_schedule": {
      "decay_rate": 0.96,
      "decay_steps": 3000.0,
      "final_fraction": 0.05814720243536983,
      "learning_rate": 0.0009810627968785922,
      "polynomial_power": 1.0,
      "restart_first_decay_steps": 2500.0,
      "restart_m_mul": 0.8,
      "restart_t_mul": 2.0,
      "schedule": "cosine_decay"
    },
    "memory_cleanup_every_steps": 100,
    "nmse_loss_weight": 0.14703867624959893,
    "seed": 7,
    "training_seed": 7,
    "val_microbatch_size": 16,
    "val_steps": 96,
    "weight_decay": 2.7609237739705334e-07
  }
}