{
  "best_val": 0.09269391217579444,
  "best_weights_path": "/scratch/rsadve1/Extended_UPAIR_Narval_b32m16_portable_underUMI/UMI_training/smoke/seed7/1dmrs/wide_deep_d320_b6_r2/checkpoints/best.weights.h5",
  "checkpoint_metrics": {
    "last_loss": -1.5620287656784058,
    "last_nmse_ls": 0.07805619388818741,
    "last_nmse_prop": 0.07556279003620148
  },
  "last_metrics": {
    "ebno_db": 1.2564353942871094,
    "learning_rate": 0.0002060571132460609,
    "loss": -1.5620287656784058,
    "loss_nll": -1.5822298526763916,
    "nmse_ls": 0.07805619388818741,
    "nmse_prop": 0.07556279003620148,
    "num_users": 3,
    "step": 200,
    "step_elapsed_s": 26.152645027032122,
    "steps_per_s": 0.9361173955056047,
    "training_elapsed_s": 213.64841734617949,
    "val_batch_size": 16,
    "val_ebno_db": "multi",
    "val_ebno_db_values": [
      -4.0,
      -2.0,
      0.0,
      2.0,
      4.0
    ],
    "val_microbatch_size": 8,
    "val_nmse_ls": 0.09757330516974132,
    "val_nmse_prop": 0.09277863195165992,
    "val_snr_hist": {
      "-2.0": 3,
      "-4.0": 1,
      "0.0": 2,
      "2.0": 3,
      "4.0": 3
    },
    "val_user_count_hist": {
      "1": 1,
      "2": 1,
      "3": 7,
      "4": 3
    }
  },
  "latest_step": 200,
  "latest_training_state_checkpoint": "/scratch/rsadve1/Extended_UPAIR_Narval_b32m16_portable_underUMI/UMI_training/smoke/seed7/1dmrs/wide_deep_d320_b6_r2/checkpoints/training_state/ckpt-200",
  "resume_enabled": false,
  "save_reason": "final",
  "total_steps": 200,
  "training_complete": true,
  "training_parameters": {
    "batch_size_eval": 16,
    "batch_size_train": 32,
    "current_learning_rate": 0.0002060571132460609,
    "eval_every": 100,
    "evaluation_seed": 1007,
    "grad_clip_norm": 0.5,
    "learning_rate": 0.001199270587979418,
    "learning_rate_schedule": {
      "decay_rate": 0.96,
      "decay_steps": 250.0,
      "final_fraction": 0.08059905686377618,
      "learning_rate": 0.001199270587979418,
      "polynomial_power": 1.0,
      "restart_first_decay_steps": 2500.0,
      "restart_m_mul": 0.8,
      "restart_t_mul": 2.0,
      "schedule": "cosine_decay"
    },
    "memory_cleanup_every_steps": 100,
    "nmse_loss_weight": 0.26734213832907167,
    "seed": 7,
    "training_seed": 7,
    "val_microbatch_size": 8,
    "val_steps": 12,
    "weight_decay": 8.271896538834887e-06
  }
}