{
  "params": {
    "batch_size_eval": 32,
    "batch_size_train": 32,
    "dropout": 0.08899724925726865,
    "grad_clip_norm": 1.0,
    "learning_rate": 0.0009380432821024994,
    "learning_rate_decay_fraction": 0.75,
    "learning_rate_final_fraction": 0.09829310579734883,
    "learning_rate_polynomial_power": 1.0,
    "learning_rate_schedule": "cosine_decay",
    "nmse_loss_weight": 0.22414686479611623,
    "residual_scale": 0.5208749834536878,
    "weight_decay": 3.3241262335442514e-07
  },
  "stage": "A",
  "study_name": "umiNorm_v1_b32_prb8_u34610_1dmrs_stageA_deep_d256_b6_r2",
  "trial_id": 12,
  "trial_number": 11
}