{
  "params": {
    "batch_size_eval": 32,
    "batch_size_train": 32,
    "dropout": 0.09764237940386655,
    "grad_clip_norm": 1.0,
    "learning_rate": 0.0009810627968785922,
    "learning_rate_decay_fraction": 0.75,
    "learning_rate_final_fraction": 0.05814720243536983,
    "learning_rate_polynomial_power": 1.0,
    "learning_rate_schedule": "cosine_decay",
    "nmse_loss_weight": 0.14703867624959893,
    "residual_scale": 0.5535547701643949,
    "weight_decay": 2.7609237739705334e-07
  },
  "stage": "A",
  "study_name": "clean_b32_prb8_d256_40k_smart_u34610_1dmrs_stageA_deep_d256_b6_r2",
  "trial_id": 20,
  "trial_number": 19
}