{
  "params": {
    "batch_size_eval": 32,
    "batch_size_train": 32,
    "dropout": 0.03953255108670326,
    "grad_clip_norm": 1.0,
    "learning_rate": 0.0005188480024866523,
    "learning_rate_decay_fraction": 1.25,
    "learning_rate_final_fraction": 0.04617728655189431,
    "learning_rate_polynomial_power": 1.0,
    "learning_rate_schedule": "cosine_decay",
    "nmse_loss_weight": 0.2694006534561317,
    "residual_scale": 0.618652332477649,
    "weight_decay": 1.0210648342287166e-07
  },
  "stage": "A",
  "study_name": "clean_b32_prb8_d256_40k_smart_u34610_1dmrs_stageA_mlpwide_d256_b4_r4",
  "trial_id": 18,
  "trial_number": 17
}