{
  "best_val": 0.030133787406763684,
  "best_weights_path": "/scratch/rsadve1/Extended_UPAIR_Narval_b32m16_portable/optuna/runs_1dmrs/clean_b32_prb8_d256_40k_smart_u34610_1dmrs_stageA_deep_d256_b6_r2/deep_d256_b6_r2_trial_0011/checkpoints/best.weights.h5",
  "checkpoint_metrics": {
    "last_loss": -2.213499069213867,
    "last_nmse_ls": 0.15173152089118958,
    "last_nmse_prop": 0.042772501707077026
  },
  "last_metrics": {
    "ebno_db": -3.3554575443267822,
    "learning_rate": 0.001180271152406931,
    "loss": -2.213499069213867,
    "loss_nll": -2.2176661491394043,
    "nmse_ls": 0.15173152089118958,
    "nmse_prop": 0.042772501707077026,
    "num_users": 3,
    "step": 4000,
    "step_elapsed_s": 210.30261827353388,
    "steps_per_s": 1.358622743709168,
    "training_elapsed_s": 2944.157985372469,
    "val_batch_size": 32,
    "val_ebno_db": "multi",
    "val_ebno_db_values": [
      -4.0,
      -2.0,
      0.0,
      2.0,
      4.0
    ],
    "val_microbatch_size": 16,
    "val_nmse_ls": 0.09661041607614607,
    "val_nmse_prop": 0.030133787406763684,
    "val_snr_hist": {
      "-2.0": 21,
      "-4.0": 21,
      "0.0": 22,
      "2.0": 17,
      "4.0": 15
    },
    "val_user_count_hist": {
      "1": 5,
      "2": 16,
      "3": 25,
      "4": 50
    }
  },
  "latest_step": 4000,
  "latest_training_state_checkpoint": "/scratch/rsadve1/Extended_UPAIR_Narval_b32m16_portable/optuna/runs_1dmrs/clean_b32_prb8_d256_40k_smart_u34610_1dmrs_stageA_deep_d256_b6_r2/deep_d256_b6_r2_trial_0011/checkpoints/training_state/ckpt-4000",
  "resume_enabled": true,
  "save_reason": "final",
  "total_steps": 4000,
  "training_complete": true,
  "training_parameters": {
    "batch_size_eval": 32,
    "batch_size_train": 32,
    "current_learning_rate": 0.001180271152406931,
    "eval_every": 1000,
    "evaluation_seed": 1007,
    "grad_clip_norm": 0.5,
    "learning_rate": 0.0011802711362293955,
    "learning_rate_schedule": {
      "decay_rate": 0.96,
      "decay_steps": 4000.0,
      "final_fraction": 0.05,
      "learning_rate": 0.0011802711362293955,
      "polynomial_power": 1.0,
      "restart_first_decay_steps": 2500.0,
      "restart_m_mul": 0.8,
      "restart_t_mul": 2.0,
      "schedule": "constant"
    },
    "memory_cleanup_every_steps": 100,
    "nmse_loss_weight": 0.09742407395976074,
    "seed": 7,
    "training_seed": 7,
    "val_microbatch_size": 16,
    "val_steps": 96,
    "weight_decay": 1.0915106436736889e-05
  }
}