{
  "best_val": 0.06299148707572992,
  "best_weights_path": "/scratch/rsadve1/Extended_UPAIR_Narval_b32m16_portable_underUMI/optuna/runs_1dmrs/umiNorm_v1_b32_prb8_u34610_1dmrs_stageA_wide_d320_b4_r2/wide_d320_b4_r2_trial_0018/checkpoints/best.weights.h5",
  "checkpoint_metrics": {
    "last_loss": -2.2703442573547363,
    "last_nmse_ls": 0.06769630312919617,
    "last_nmse_prop": 0.044739194214344025
  },
  "last_metrics": {
    "ebno_db": 2.232823371887207,
    "learning_rate": 7.227068999782205e-05,
    "loss": -2.2703442573547363,
    "loss_nll": -2.284492015838623,
    "nmse_ls": 0.06769630312919617,
    "nmse_prop": 0.044739194214344025,
    "num_users": 3,
    "step": 4000,
    "step_elapsed_s": 165.41773520689458,
    "steps_per_s": 1.4657505883299646,
    "training_elapsed_s": 2728.97724336409,
    "val_batch_size": 32,
    "val_ebno_db": "multi",
    "val_ebno_db_values": [
      -4.0,
      -2.0,
      0.0,
      2.0,
      4.0
    ],
    "val_microbatch_size": 16,
    "val_nmse_ls": 0.11423495997829984,
    "val_nmse_prop": 0.06299148707572992,
    "val_snr_hist": {
      "-2.0": 21,
      "-4.0": 21,
      "0.0": 22,
      "2.0": 17,
      "4.0": 15
    },
    "val_user_count_hist": {
      "1": 5,
      "2": 16,
      "3": 25,
      "4": 50
    }
  },
  "latest_step": 4000,
  "latest_training_state_checkpoint": "/scratch/rsadve1/Extended_UPAIR_Narval_b32m16_portable_underUMI/optuna/runs_1dmrs/umiNorm_v1_b32_prb8_u34610_1dmrs_stageA_wide_d320_b4_r2/wide_d320_b4_r2_trial_0018/checkpoints/training_state/ckpt-4000",
  "resume_enabled": true,
  "save_reason": "final",
  "total_steps": 4000,
  "training_complete": true,
  "training_parameters": {
    "batch_size_eval": 32,
    "batch_size_train": 32,
    "current_learning_rate": 7.227068999782205e-05,
    "eval_every": 1000,
    "evaluation_seed": 1007,
    "grad_clip_norm": 0.5,
    "learning_rate": 0.0008788509854471044,
    "learning_rate_schedule": {
      "decay_rate": 0.96,
      "decay_steps": 5000.0,
      "final_fraction": 0.02988330276131284,
      "learning_rate": 0.0008788509854471044,
      "polynomial_power": 1.8150943967789455,
      "restart_first_decay_steps": 2500.0,
      "restart_m_mul": 0.8,
      "restart_t_mul": 2.0,
      "schedule": "polynomial_decay"
    },
    "memory_cleanup_every_steps": 100,
    "nmse_loss_weight": 0.31622756612199476,
    "seed": 7,
    "training_seed": 7,
    "val_microbatch_size": 16,
    "val_steps": 96,
    "weight_decay": 8.507887091089711e-06
  }
}