{
  "best_val": 0.0570125413845138,
  "best_weights_path": "/lustre10/scratch/rsadve1/Extended_UPAIR_Narval_b32m16_portable_underUMI/optuna/runs_1dmrs/umiNorm_v1_b32_prb8_u34610_1dmrs_stageB_wide_deep_d320_b6_r2/wide_deep_d320_b6_r2_trial_0003/checkpoints/best.weights.h5",
  "checkpoint_metrics": {
    "last_loss": -2.355743408203125,
    "last_nmse_ls": 0.05560107156634331,
    "last_nmse_prop": 0.04171730577945709
  },
  "last_metrics": {
    "ebno_db": 4.551349639892578,
    "learning_rate": 0.0007749350043013692,
    "loss": -2.355743408203125,
    "loss_nll": -2.362942695617676,
    "nmse_ls": 0.05560107156634331,
    "nmse_prop": 0.04171730577945709,
    "num_users": 4,
    "step": 8535,
    "step_elapsed_s": 0.42395782587118447,
    "steps_per_s": 1.5803575305060855,
    "training_elapsed_s": 5400.676641358994
  },
  "latest_step": 8535,
  "latest_training_state_checkpoint": "/lustre10/scratch/rsadve1/Extended_UPAIR_Narval_b32m16_portable_underUMI/optuna/runs_1dmrs/umiNorm_v1_b32_prb8_u34610_1dmrs_stageB_wide_deep_d320_b6_r2/wide_deep_d320_b6_r2_trial_0003/checkpoints/training_state/ckpt-8535",
  "resume_enabled": true,
  "save_reason": "resource_exhausted",
  "total_steps": 12000,
  "training_complete": false,
  "training_parameters": {
    "batch_size_eval": 16,
    "batch_size_train": 16,
    "current_learning_rate": 0.0007749350043013692,
    "eval_every": 1000,
    "evaluation_seed": 1007,
    "grad_clip_norm": 0.5,
    "learning_rate": 0.0007749349842627399,
    "learning_rate_schedule": {
      "decay_rate": 0.96,
      "decay_steps": 12000.0,
      "final_fraction": 0.05,
      "learning_rate": 0.0007749349842627399,
      "polynomial_power": 1.0,
      "restart_first_decay_steps": 2500.0,
      "restart_m_mul": 0.8,
      "restart_t_mul": 2.0,
      "schedule": "constant"
    },
    "memory_cleanup_every_steps": 25,
    "nmse_loss_weight": 0.17257378079061886,
    "seed": 7,
    "training_seed": 7,
    "val_microbatch_size": 8,
    "val_steps": 96,
    "weight_decay": 1.1957496756294423e-07
  }
}