{
  "best_val": 0.07770262400542076,
  "best_weights_path": "/scratch/rsadve1/Extended_UPAIR_Narval_b32m16_portable_underUMI/optuna/runs_1dmrs/umiNorm_v1_b32_prb8_u34610_1dmrs_stageA_shallow_d256_b2_r2/shallow_d256_b2_r2_trial_0001/checkpoints/best.weights.h5",
  "checkpoint_metrics": {
    "last_loss": -2.0299904346466064,
    "last_nmse_ls": 0.06769630312919617,
    "last_nmse_prop": 0.05298997834324837
  },
  "last_metrics": {
    "ebno_db": 2.232823371887207,
    "learning_rate": 6.056803613319062e-06,
    "loss": -2.0299904346466064,
    "loss_nll": -2.036478281021118,
    "nmse_ls": 0.06769630312919617,
    "nmse_prop": 0.05298997834324837,
    "num_users": 3,
    "step": 4000,
    "step_elapsed_s": 141.72968901810236,
    "steps_per_s": 1.7270471818720647,
    "training_elapsed_s": 2316.0919064551126,
    "val_batch_size": 32,
    "val_ebno_db": "multi",
    "val_ebno_db_values": [
      -4.0,
      -2.0,
      0.0,
      2.0,
      4.0
    ],
    "val_microbatch_size": 16,
    "val_nmse_ls": 0.11423495997829984,
    "val_nmse_prop": 0.07770262400542076,
    "val_snr_hist": {
      "-2.0": 21,
      "-4.0": 21,
      "0.0": 22,
      "2.0": 17,
      "4.0": 15
    },
    "val_user_count_hist": {
      "1": 5,
      "2": 16,
      "3": 25,
      "4": 50
    }
  },
  "latest_step": 4000,
  "latest_training_state_checkpoint": "/scratch/rsadve1/Extended_UPAIR_Narval_b32m16_portable_underUMI/optuna/runs_1dmrs/umiNorm_v1_b32_prb8_u34610_1dmrs_stageA_shallow_d256_b2_r2/shallow_d256_b2_r2_trial_0001/checkpoints/training_state/ckpt-4000",
  "resume_enabled": true,
  "save_reason": "final",
  "total_steps": 4000,
  "training_complete": true,
  "training_parameters": {
    "batch_size_eval": 32,
    "batch_size_train": 32,
    "current_learning_rate": 6.056803613319062e-06,
    "eval_every": 1000,
    "evaluation_seed": 1007,
    "grad_clip_norm": 1.0,
    "learning_rate": 0.0004983159357242532,
    "learning_rate_schedule": {
      "decay_rate": 0.96,
      "decay_steps": 3000.0,
      "final_fraction": 0.012154545064008537,
      "learning_rate": 0.0004983159357242532,
      "polynomial_power": 1.0,
      "restart_first_decay_steps": 2500.0,
      "restart_m_mul": 0.8,
      "restart_t_mul": 2.0,
      "schedule": "cosine_decay"
    },
    "memory_cleanup_every_steps": 100,
    "nmse_loss_weight": 0.12243400701824686,
    "seed": 7,
    "training_seed": 7,
    "val_microbatch_size": 16,
    "val_steps": 96,
    "weight_decay": 7.693520676908999e-07
  }
}