{
  "best_val": 0.05948892099938045,
  "best_weights_path": "/lustre10/scratch/rsadve1/Extended_UPAIR_Narval_b32m16_portable_underUMI/optuna/runs_1dmrs/umiNorm_v1_b32_prb8_u34610_1dmrs_stageB_narrow_d192_b4_r2/narrow_d192_b4_r2_trial_0001/checkpoints/best.weights.h5",
  "checkpoint_metrics": {
    "last_loss": -1.3227225542068481,
    "last_nmse_ls": 0.2427830696105957,
    "last_nmse_prop": 0.10037102550268173
  },
  "last_metrics": {
    "ebno_db": -5.393690586090088,
    "learning_rate": 0.0008722091442905366,
    "loss": -1.3227225542068481,
    "loss_nll": -1.3596926927566528,
    "nmse_ls": 0.2427830696105957,
    "nmse_prop": 0.10037102550268173,
    "num_users": 3,
    "step": 12000,
    "step_elapsed_s": 170.82626489992253,
    "steps_per_s": 1.7473370951954725,
    "training_elapsed_s": 6867.592997936998,
    "val_batch_size": 32,
    "val_ebno_db": "multi",
    "val_ebno_db_values": [
      -4.0,
      -2.0,
      0.0,
      2.0,
      4.0
    ],
    "val_microbatch_size": 16,
    "val_nmse_ls": 0.1084690266676868,
    "val_nmse_prop": 0.061007403632781156,
    "val_snr_hist": {
      "-2.0": 23,
      "-4.0": 16,
      "0.0": 19,
      "2.0": 24,
      "4.0": 14
    },
    "val_user_count_hist": {
      "1": 9,
      "2": 11,
      "3": 28,
      "4": 48
    }
  },
  "latest_step": 12000,
  "latest_training_state_checkpoint": "/lustre10/scratch/rsadve1/Extended_UPAIR_Narval_b32m16_portable_underUMI/optuna/runs_1dmrs/umiNorm_v1_b32_prb8_u34610_1dmrs_stageB_narrow_d192_b4_r2/narrow_d192_b4_r2_trial_0001/checkpoints/training_state/ckpt-12000",
  "resume_enabled": true,
  "save_reason": "final",
  "total_steps": 12000,
  "training_complete": true,
  "training_parameters": {
    "batch_size_eval": 32,
    "batch_size_train": 32,
    "current_learning_rate": 0.0008722091442905366,
    "eval_every": 1000,
    "evaluation_seed": 1007,
    "grad_clip_norm": 0.5,
    "learning_rate": 0.0008722091201558823,
    "learning_rate_schedule": {
      "decay_rate": 0.96,
      "decay_steps": 12000.0,
      "final_fraction": 0.05,
      "learning_rate": 0.0008722091201558823,
      "polynomial_power": 1.0,
      "restart_first_decay_steps": 2500.0,
      "restart_m_mul": 0.8,
      "restart_t_mul": 2.0,
      "schedule": "constant"
    },
    "memory_cleanup_every_steps": 100,
    "nmse_loss_weight": 0.36833494384383136,
    "seed": 7,
    "training_seed": 7,
    "val_microbatch_size": 16,
    "val_steps": 96,
    "weight_decay": 2.363899423796963e-06
  }
}