{
  "params": {
    "batch_size_eval": 32,
    "batch_size_train": 32,
    "dropout": 0.04437936451002058,
    "grad_clip_norm": 0.5,
    "learning_rate": 0.0010232689081441867,
    "learning_rate_decay_fraction": 1.25,
    "learning_rate_final_fraction": 0.08835664096391597,
    "learning_rate_polynomial_power": 1.0,
    "learning_rate_schedule": "cosine_decay",
    "nmse_loss_weight": 0.3149616397730811,
    "residual_scale": 0.5251638955533136,
    "weight_decay": 5.165111322587516e-07
  },
  "stage": "A",
  "study_name": "clean_b32_prb8_d256_40k_smart_u34610_1dmrs_stageA_wide_deep_d320_b6_r2",
  "trial_id": 19,
  "trial_number": 18
}