{
  "params": {
    "batch_size_eval": 32,
    "batch_size_train": 32,
    "dropout": 0.07856818478113478,
    "grad_clip_norm": 0.5,
    "learning_rate": 0.0003435016033636424,
    "learning_rate_decay_fraction": 1.25,
    "learning_rate_final_fraction": 0.04894468394619986,
    "learning_rate_polynomial_power": 1.0,
    "learning_rate_schedule": "cosine_decay",
    "nmse_loss_weight": 0.21840615313302597,
    "residual_scale": 0.2907089567860262,
    "weight_decay": 5.448993113391469e-07
  },
  "stage": "B",
  "study_name": "clean_b32_prb8_d256_40k_smart_trueDMRS_u34610_1dmrs_stageB_mlpwide_d256_b4_r4",
  "trial_id": 7,
  "trial_number": 6
}