{
  "best_val": 0.041694237772996225,
  "best_weights_path": "/scratch/rsadve1/Extended_UPAIR_Narval_b32m16_portable/optuna/runs_1dmrs/clean_b32_prb8_d256_40k_smart_u34610_1dmrs_stageA_shallow_d256_b2_r2/shallow_d256_b2_r2_trial_0016/checkpoints/best.weights.h5",
  "checkpoint_metrics": {
    "last_loss": -2.0073680877685547,
    "last_nmse_ls": 0.11773964017629623,
    "last_nmse_prop": 0.05023863911628723
  },
  "last_metrics": {
    "ebno_db": -2.1212663650512695,
    "learning_rate": 0.00042922707507386804,
    "loss": -2.0073680877685547,
    "loss_nll": -2.0311343669891357,
    "nmse_ls": 0.11773964017629623,
    "nmse_prop": 0.05023863911628723,
    "num_users": 1,
    "step": 1000,
    "step_elapsed_s": 119.61264179088175,
    "steps_per_s": 1.824901321971833,
    "training_elapsed_s": 547.9748345622793,
    "val_batch_size": 32,
    "val_ebno_db": "multi",
    "val_ebno_db_values": [
      -4.0,
      -2.0,
      0.0,
      2.0,
      4.0
    ],
    "val_microbatch_size": 16,
    "val_nmse_ls": 0.08968546260924389,
    "val_nmse_prop": 0.041694237772996225,
    "val_snr_hist": {
      "-2.0": 21,
      "-4.0": 15,
      "0.0": 23,
      "2.0": 21,
      "4.0": 16
    },
    "val_user_count_hist": {
      "1": 4,
      "2": 19,
      "3": 37,
      "4": 36
    }
  },
  "latest_step": 1000,
  "latest_training_state_checkpoint": "/scratch/rsadve1/Extended_UPAIR_Narval_b32m16_portable/optuna/runs_1dmrs/clean_b32_prb8_d256_40k_smart_u34610_1dmrs_stageA_shallow_d256_b2_r2/shallow_d256_b2_r2_trial_0016/checkpoints/training_state/ckpt-1000",
  "resume_enabled": true,
  "save_reason": "periodic",
  "total_steps": 4000,
  "training_complete": false,
  "training_parameters": {
    "batch_size_eval": 32,
    "batch_size_train": 32,
    "current_learning_rate": 0.00042922707507386804,
    "eval_every": 1000,
    "evaluation_seed": 1007,
    "grad_clip_norm": 1.0,
    "learning_rate": 0.0006441694427041302,
    "learning_rate_schedule": {
      "decay_rate": 0.96,
      "decay_steps": 5000.0,
      "final_fraction": 0.05687802501873331,
      "learning_rate": 0.0006441694427041302,
      "polynomial_power": 1.9589680530897073,
      "restart_first_decay_steps": 2500.0,
      "restart_m_mul": 0.8,
      "restart_t_mul": 2.0,
      "schedule": "polynomial_decay"
    },
    "memory_cleanup_every_steps": 100,
    "nmse_loss_weight": 0.47306848141594654,
    "seed": 7,
    "training_seed": 7,
    "val_microbatch_size": 16,
    "val_steps": 96,
    "weight_decay": 1.6371328131035427e-06
  }
}