{
  "best_val": 0.05199265649813848,
  "best_weights_path": "/lustre10/scratch/rsadve1/Extended_UPAIR_Narval_b32m16_portable_underUMI/optuna/runs_1dmrs/umiNorm_v1_b32_prb8_u34610_1dmrs_stageB_mlpwide_d256_b4_r4/mlpwide_d256_b4_r4_trial_0001/checkpoints/best.weights.h5",
  "checkpoint_metrics": {
    "last_loss": -2.0192956924438477,
    "last_nmse_ls": 0.09532300382852554,
    "last_nmse_prop": 0.053027644753456116
  },
  "last_metrics": {
    "ebno_db": -0.2231578826904297,
    "learning_rate": 0.0006475648260675371,
    "loss": -2.0192956924438477,
    "loss_nll": -2.0449342727661133,
    "nmse_ls": 0.09532300382852554,
    "nmse_prop": 0.053027644753456116,
    "num_users": 4,
    "step": 11177,
    "step_elapsed_s": 0.45454120612703264,
    "steps_per_s": 1.491862230632506,
    "training_elapsed_s": 7491.978662976995
  },
  "latest_step": 11177,
  "latest_training_state_checkpoint": "/lustre10/scratch/rsadve1/Extended_UPAIR_Narval_b32m16_portable_underUMI/optuna/runs_1dmrs/umiNorm_v1_b32_prb8_u34610_1dmrs_stageB_mlpwide_d256_b4_r4/mlpwide_d256_b4_r4_trial_0001/checkpoints/training_state/ckpt-11177",
  "resume_enabled": true,
  "save_reason": "resource_exhausted",
  "total_steps": 12000,
  "training_complete": false,
  "training_parameters": {
    "batch_size_eval": 32,
    "batch_size_train": 32,
    "current_learning_rate": 0.0006475648260675371,
    "eval_every": 1000,
    "evaluation_seed": 1007,
    "grad_clip_norm": 0.5,
    "learning_rate": 0.0006475648210792319,
    "learning_rate_schedule": {
      "decay_rate": 0.96,
      "decay_steps": 12000.0,
      "final_fraction": 0.05,
      "learning_rate": 0.0006475648210792319,
      "polynomial_power": 1.0,
      "restart_first_decay_steps": 2500.0,
      "restart_m_mul": 0.8,
      "restart_t_mul": 2.0,
      "schedule": "constant"
    },
    "memory_cleanup_every_steps": 100,
    "nmse_loss_weight": 0.483496378399762,
    "seed": 7,
    "training_seed": 7,
    "val_microbatch_size": 16,
    "val_steps": 96,
    "weight_decay": 3.6657233603033064e-07
  }
}