{
  "params": {
    "batch_size_eval": 32,
    "batch_size_train": 32,
    "dropout": 0.007894330511823358,
    "grad_clip_norm": 0.5,
    "learning_rate": 0.0010828026895605514,
    "learning_rate_decay_fraction": 1.25,
    "learning_rate_final_fraction": 0.061298479356677205,
    "learning_rate_polynomial_power": 1.0,
    "learning_rate_schedule": "cosine_decay",
    "nmse_loss_weight": 0.21120776550718667,
    "residual_scale": 0.49962707203899215,
    "weight_decay": 2.769375562637925e-06
  },
  "stage": "A",
  "study_name": "clean_b32_prb8_d256_40k_smart_u34610_1dmrs_stageA_wide_d320_b4_r2",
  "trial_id": 13,
  "trial_number": 12
}