{
  "best_val": 0.05969361944395738,
  "best_weights_path": "/scratch/rsadve1/Extended_UPAIR_Narval_b32m16_portable_underUMI/optuna/runs_1dmrs/umiNorm_v1_b32_prb8_u34610_1dmrs_stageA_wide_deep_d320_b6_r2/wide_deep_d320_b6_r2_trial_0014/checkpoints/best.weights.h5",
  "checkpoint_metrics": {
    "last_loss": -2.2855117321014404,
    "last_nmse_ls": 0.06769630312919617,
    "last_nmse_prop": 0.043291471898555756
  },
  "last_metrics": {
    "ebno_db": 2.232823371887207,
    "learning_rate": 0.0004836255975533277,
    "loss": -2.2855117321014404,
    "loss_nll": -2.3040151596069336,
    "nmse_ls": 0.06769630312919617,
    "nmse_prop": 0.043291471898555756,
    "num_users": 3,
    "step": 4000,
    "step_elapsed_s": 236.3128493729746,
    "steps_per_s": 1.2103948172162167,
    "training_elapsed_s": 3304.70681393001,
    "val_batch_size": 32,
    "val_ebno_db": "multi",
    "val_ebno_db_values": [
      -4.0,
      -2.0,
      0.0,
      2.0,
      4.0
    ],
    "val_microbatch_size": 16,
    "val_nmse_ls": 0.11423495997829984,
    "val_nmse_prop": 0.05969361944395738,
    "val_snr_hist": {
      "-2.0": 21,
      "-4.0": 21,
      "0.0": 22,
      "2.0": 17,
      "4.0": 15
    },
    "val_user_count_hist": {
      "1": 5,
      "2": 16,
      "3": 25,
      "4": 50
    }
  },
  "latest_step": 4000,
  "latest_training_state_checkpoint": "/scratch/rsadve1/Extended_UPAIR_Narval_b32m16_portable_underUMI/optuna/runs_1dmrs/umiNorm_v1_b32_prb8_u34610_1dmrs_stageA_wide_deep_d320_b6_r2/wide_deep_d320_b6_r2_trial_0014/checkpoints/training_state/ckpt-4000",
  "resume_enabled": true,
  "save_reason": "final",
  "total_steps": 4000,
  "training_complete": true,
  "training_parameters": {
    "batch_size_eval": 32,
    "batch_size_train": 32,
    "current_learning_rate": 0.0004836255975533277,
    "eval_every": 1000,
    "evaluation_seed": 1007,
    "grad_clip_norm": 0.5,
    "learning_rate": 0.0004836255912377222,
    "learning_rate_schedule": {
      "decay_rate": 0.96,
      "decay_steps": 4000.0,
      "final_fraction": 0.05,
      "learning_rate": 0.0004836255912377222,
      "polynomial_power": 1.0,
      "restart_first_decay_steps": 2500.0,
      "restart_m_mul": 0.8,
      "restart_t_mul": 2.0,
      "schedule": "constant"
    },
    "memory_cleanup_every_steps": 100,
    "nmse_loss_weight": 0.4274172298450684,
    "seed": 7,
    "training_seed": 7,
    "val_microbatch_size": 16,
    "val_steps": 96,
    "weight_decay": 1.1922049279863218e-07
  }
}