{
  "best_val": 0.02749522381539767,
  "best_weights_path": "/scratch/rsadve1/Extended_UPAIR_Narval_b32m16_portable/optuna/runs_1dmrs/clean_b32_prb8_d256_40k_smart_u34610_1dmrs_stageA_wide_deep_d320_b6_r2/wide_deep_d320_b6_r2_trial_0011/checkpoints/best.weights.h5",
  "checkpoint_metrics": {
    "last_loss": -2.3760669231414795,
    "last_nmse_ls": 0.1504765748977661,
    "last_nmse_prop": 0.03630279749631882
  },
  "last_metrics": {
    "ebno_db": -3.3554575443267822,
    "learning_rate": 0.00018952265963889658,
    "loss": -2.3760669231414795,
    "loss_nll": -2.383519411087036,
    "nmse_ls": 0.1504765748977661,
    "nmse_prop": 0.03630279749631882,
    "num_users": 3,
    "step": 4000,
    "step_elapsed_s": 243.14821214322,
    "steps_per_s": 1.200288066687611,
    "training_elapsed_s": 3332.5333401327953,
    "val_batch_size": 32,
    "val_ebno_db": "multi",
    "val_ebno_db_values": [
      -4.0,
      -2.0,
      0.0,
      2.0,
      4.0
    ],
    "val_microbatch_size": 16,
    "val_nmse_ls": 0.09674685504675533,
    "val_nmse_prop": 0.02749522381539767,
    "val_snr_hist": {
      "-2.0": 21,
      "-4.0": 21,
      "0.0": 22,
      "2.0": 17,
      "4.0": 15
    },
    "val_user_count_hist": {
      "1": 5,
      "2": 16,
      "3": 25,
      "4": 50
    }
  },
  "latest_step": 4000,
  "latest_training_state_checkpoint": "/scratch/rsadve1/Extended_UPAIR_Narval_b32m16_portable/optuna/runs_1dmrs/clean_b32_prb8_d256_40k_smart_u34610_1dmrs_stageA_wide_deep_d320_b6_r2/wide_deep_d320_b6_r2_trial_0011/checkpoints/training_state/ckpt-4000",
  "resume_enabled": true,
  "save_reason": "final",
  "total_steps": 4000,
  "training_complete": true,
  "training_parameters": {
    "batch_size_eval": 32,
    "batch_size_train": 32,
    "current_learning_rate": 0.00018952265963889658,
    "eval_every": 1000,
    "evaluation_seed": 1007,
    "grad_clip_norm": 0.5,
    "learning_rate": 0.0011802662658319104,
    "learning_rate_schedule": {
      "decay_rate": 0.96,
      "decay_steps": 5000.0,
      "final_fraction": 0.07176625948771263,
      "learning_rate": 0.0011802662658319104,
      "polynomial_power": 1.0,
      "restart_first_decay_steps": 2500.0,
      "restart_m_mul": 0.8,
      "restart_t_mul": 2.0,
      "schedule": "cosine_decay"
    },
    "memory_cleanup_every_steps": 100,
    "nmse_loss_weight": 0.20528861150272576,
    "seed": 7,
    "training_seed": 7,
    "val_microbatch_size": 16,
    "val_steps": 96,
    "weight_decay": 2.5201962240839957e-05
  }
}