{
  "params": {
    "batch_size_eval": 32,
    "batch_size_train": 32,
    "dropout": 0.08414213250704426,
    "grad_clip_norm": 2.0,
    "learning_rate": 0.0010509456119930825,
    "learning_rate_decay_fraction": 1.25,
    "learning_rate_final_fraction": 0.06112568045279562,
    "learning_rate_polynomial_power": 1.0,
    "learning_rate_schedule": "cosine_decay",
    "nmse_loss_weight": 0.10469808490938781,
    "residual_scale": 0.20380021805688348,
    "weight_decay": 1.2841475377461696e-07
  },
  "stage": "A",
  "study_name": "umiNorm_v1_b32_prb8_u34610_1dmrs_stageA_main_d256_b4_r2",
  "trial_id": 19,
  "trial_number": 18
}