{
  "params": {
    "batch_size_eval": 32,
    "batch_size_train": 32,
    "dropout": 0.10094521304389217,
    "grad_clip_norm": 1.0,
    "learning_rate": 0.0003397929973714814,
    "learning_rate_decay_fraction": 1.0,
    "learning_rate_final_fraction": 0.11317622816451264,
    "learning_rate_polynomial_power": 1.9307536616921959,
    "learning_rate_schedule": "polynomial_decay",
    "nmse_loss_weight": 0.06242235354593715,
    "residual_scale": 0.2414436508853954,
    "weight_decay": 1.3020365291439366e-06
  },
  "stage": "A",
  "study_name": "umiNorm_v1_b32_prb8_u34610_1dmrs_stageA_deep_d256_b6_r2",
  "trial_id": 15,
  "trial_number": 14
}