{
  "best_val": 0.03984423518219652,
  "best_weights_path": "/scratch/rsadve1/Extended_UPAIR_Narval_b32m16_portable/optuna/runs_1dmrs/clean_b32_prb8_d256_40k_smart_u34610_1dmrs_stageA_main_d256_b4_r2/main_d256_b4_r2_trial_0007/checkpoints/best.weights.h5",
  "checkpoint_metrics": {
    "last_loss": -2.230781078338623,
    "last_nmse_ls": 0.11278535425662994,
    "last_nmse_prop": 0.04116762802004814
  },
  "last_metrics": {
    "ebno_db": -2.1212663650512695,
    "learning_rate": 0.0005058087990619242,
    "loss": -2.230781078338623,
    "loss_nll": -2.241274356842041,
    "nmse_ls": 0.11278535425662994,
    "nmse_prop": 0.04116762802004814,
    "num_users": 1,
    "step": 1000,
    "step_elapsed_s": 158.37072027567774,
    "steps_per_s": 1.5493737223274133,
    "training_elapsed_s": 645.4220731831156,
    "val_batch_size": 32,
    "val_ebno_db": "multi",
    "val_ebno_db_values": [
      -4.0,
      -2.0,
      0.0,
      2.0,
      4.0
    ],
    "val_microbatch_size": 16,
    "val_nmse_ls": 0.0900843435859618,
    "val_nmse_prop": 0.03984423518219652,
    "val_snr_hist": {
      "-2.0": 21,
      "-4.0": 15,
      "0.0": 23,
      "2.0": 21,
      "4.0": 16
    },
    "val_user_count_hist": {
      "1": 4,
      "2": 19,
      "3": 37,
      "4": 36
    }
  },
  "latest_step": 1000,
  "latest_training_state_checkpoint": "/scratch/rsadve1/Extended_UPAIR_Narval_b32m16_portable/optuna/runs_1dmrs/clean_b32_prb8_d256_40k_smart_u34610_1dmrs_stageA_main_d256_b4_r2/main_d256_b4_r2_trial_0007/checkpoints/training_state/ckpt-1000",
  "resume_enabled": true,
  "save_reason": "periodic",
  "total_steps": 4000,
  "training_complete": false,
  "training_parameters": {
    "batch_size_eval": 32,
    "batch_size_train": 32,
    "current_learning_rate": 0.0005058087990619242,
    "eval_every": 1000,
    "evaluation_seed": 1007,
    "grad_clip_norm": 2.0,
    "learning_rate": 0.0005058088142533644,
    "learning_rate_schedule": {
      "decay_rate": 0.96,
      "decay_steps": 4000.0,
      "final_fraction": 0.05,
      "learning_rate": 0.0005058088142533644,
      "polynomial_power": 1.0,
      "restart_first_decay_steps": 2500.0,
      "restart_m_mul": 0.8,
      "restart_t_mul": 2.0,
      "schedule": "constant"
    },
    "memory_cleanup_every_steps": 100,
    "nmse_loss_weight": 0.2548917054571656,
    "seed": 7,
    "training_seed": 7,
    "val_microbatch_size": 16,
    "val_steps": 96,
    "weight_decay": 5.13921714698404e-05
  }
}