{
  "best_val": 0.04801433690590784,
  "best_weights_path": "/lustre10/scratch/rsadve1/Extended_UPAIR_Narval_b32m16_portable_underUMI/optuna/runs_1dmrs/umiNorm_v1_b32_prb8_u34610_1dmrs_stageB_deep_d256_b6_r2/deep_d256_b6_r2_trial_0003/checkpoints/best.weights.h5",
  "checkpoint_metrics": {
    "last_loss": -1.6128911972045898,
    "last_nmse_ls": 0.2427830696105957,
    "last_nmse_prop": 0.07873104512691498
  },
  "last_metrics": {
    "ebno_db": -5.393690586090088,
    "learning_rate": 0.00012788960884790868,
    "loss": -1.6128911972045898,
    "loss_nll": -1.6223845481872559,
    "nmse_ls": 0.2427830696105957,
    "nmse_prop": 0.07873104512691498,
    "num_users": 3,
    "step": 12000,
    "step_elapsed_s": 258.7315817530034,
    "steps_per_s": 1.3191232169171194,
    "training_elapsed_s": 9096.95155547699,
    "val_batch_size": 32,
    "val_ebno_db": "multi",
    "val_ebno_db_values": [
      -4.0,
      -2.0,
      0.0,
      2.0,
      4.0
    ],
    "val_microbatch_size": 16,
    "val_nmse_ls": 0.1084690266676868,
    "val_nmse_prop": 0.049052880223219596,
    "val_snr_hist": {
      "-2.0": 23,
      "-4.0": 16,
      "0.0": 19,
      "2.0": 24,
      "4.0": 14
    },
    "val_user_count_hist": {
      "1": 9,
      "2": 11,
      "3": 28,
      "4": 48
    }
  },
  "latest_step": 12000,
  "latest_training_state_checkpoint": "/lustre10/scratch/rsadve1/Extended_UPAIR_Narval_b32m16_portable_underUMI/optuna/runs_1dmrs/umiNorm_v1_b32_prb8_u34610_1dmrs_stageB_deep_d256_b6_r2/deep_d256_b6_r2_trial_0003/checkpoints/training_state/ckpt-12000",
  "resume_enabled": true,
  "save_reason": "final",
  "total_steps": 12000,
  "training_complete": true,
  "training_parameters": {
    "batch_size_eval": 32,
    "batch_size_train": 32,
    "current_learning_rate": 0.00012788960884790868,
    "eval_every": 1000,
    "evaluation_seed": 1007,
    "grad_clip_norm": 0.5,
    "learning_rate": 0.0009951575462592785,
    "learning_rate_schedule": {
      "decay_rate": 0.96,
      "decay_steps": 12000.0,
      "final_fraction": 0.1285119138898518,
      "learning_rate": 0.0009951575462592785,
      "polynomial_power": 1.955717493414353,
      "restart_first_decay_steps": 2500.0,
      "restart_m_mul": 0.8,
      "restart_t_mul": 2.0,
      "schedule": "polynomial_decay"
    },
    "memory_cleanup_every_steps": 100,
    "nmse_loss_weight": 0.12057887170216385,
    "seed": 7,
    "training_seed": 7,
    "val_microbatch_size": 16,
    "val_steps": 96,
    "weight_decay": 1.1859701871838162e-07
  }
}