{
  "params": {
    "batch_size_eval": 32,
    "batch_size_train": 32,
    "dropout": 0.0989622742708559,
    "grad_clip_norm": 0.5,
    "learning_rate": 0.0003179198053182526,
    "learning_rate_decay_fraction": 0.75,
    "learning_rate_final_fraction": 0.07591246039183523,
    "learning_rate_polynomial_power": 1.922358968501694,
    "learning_rate_schedule": "polynomial_decay",
    "nmse_loss_weight": 0.07253238569261669,
    "residual_scale": 0.19443196563065274,
    "weight_decay": 3.284512557662526e-07
  },
  "stage": "A",
  "study_name": "umiNorm_v1_b32_prb8_u34610_1dmrs_stageA_wide_deep_d320_b6_r2",
  "trial_id": 18,
  "trial_number": 17
}