{
  "params": {
    "batch_size_eval": 32,
    "batch_size_train": 32,
    "dropout": 0.007330371807527297,
    "grad_clip_norm": 0.5,
    "learning_rate": 0.0008750519993093886,
    "learning_rate_decay_fraction": 1.25,
    "learning_rate_final_fraction": 0.04207132643385709,
    "learning_rate_polynomial_power": 1.660055250588681,
    "learning_rate_schedule": "polynomial_decay",
    "nmse_loss_weight": 0.0643864199362532,
    "residual_scale": 0.5882632740021015,
    "weight_decay": 8.74508633569595e-06
  },
  "stage": "A",
  "study_name": "clean_b32_prb8_d256_40k_smart_u34610_1dmrs_stageA_wide_d320_b4_r2",
  "trial_id": 17,
  "trial_number": 16
}