{
  "best_val": 0.04144501868480196,
  "best_weights_path": "/scratch/rsadve1/Extended_UPAIR_Narval_b32m16_portable/optuna/runs_1dmrs/clean_b32_prb8_d256_40k_smart_u34610_1dmrs_stageA_wide_d320_b4_r2/wide_d320_b4_r2_trial_0019/checkpoints/best.weights.h5",
  "checkpoint_metrics": {
    "last_loss": -2.1359503269195557,
    "last_nmse_ls": 0.11650945991277695,
    "last_nmse_prop": 0.04544469714164734
  },
  "last_metrics": {
    "ebno_db": -2.1212663650512695,
    "learning_rate": 0.00024522238527424634,
    "loss": -2.1359503269195557,
    "loss_nll": -2.141498327255249,
    "nmse_ls": 0.11650945991277695,
    "nmse_prop": 0.04544469714164734,
    "num_users": 1,
    "step": 1000,
    "step_elapsed_s": 161.52202717598993,
    "steps_per_s": 1.4533114244964596,
    "training_elapsed_s": 688.0837672809721,
    "val_batch_size": 32,
    "val_ebno_db": "multi",
    "val_ebno_db_values": [
      -4.0,
      -2.0,
      0.0,
      2.0,
      4.0
    ],
    "val_microbatch_size": 16,
    "val_nmse_ls": 0.08989736123476177,
    "val_nmse_prop": 0.04144501868480196,
    "val_snr_hist": {
      "-2.0": 21,
      "-4.0": 15,
      "0.0": 23,
      "2.0": 21,
      "4.0": 16
    },
    "val_user_count_hist": {
      "1": 4,
      "2": 19,
      "3": 37,
      "4": 36
    }
  },
  "latest_step": 1000,
  "latest_training_state_checkpoint": "/scratch/rsadve1/Extended_UPAIR_Narval_b32m16_portable/optuna/runs_1dmrs/clean_b32_prb8_d256_40k_smart_u34610_1dmrs_stageA_wide_d320_b4_r2/wide_d320_b4_r2_trial_0019/checkpoints/training_state/ckpt-1000",
  "resume_enabled": true,
  "save_reason": "periodic",
  "total_steps": 4000,
  "training_complete": false,
  "training_parameters": {
    "batch_size_eval": 32,
    "batch_size_train": 32,
    "current_learning_rate": 0.00024522238527424634,
    "eval_every": 1000,
    "evaluation_seed": 1007,
    "grad_clip_norm": 2.0,
    "learning_rate": 0.0002671746098591253,
    "learning_rate_schedule": {
      "decay_rate": 0.96,
      "decay_steps": 5000.0,
      "final_fraction": 0.13789715123589916,
      "learning_rate": 0.0002671746098591253,
      "polynomial_power": 1.0,
      "restart_first_decay_steps": 2500.0,
      "restart_m_mul": 0.8,
      "restart_t_mul": 2.0,
      "schedule": "cosine_decay"
    },
    "memory_cleanup_every_steps": 100,
    "nmse_loss_weight": 0.12208475698081316,
    "seed": 7,
    "training_seed": 7,
    "val_microbatch_size": 16,
    "val_steps": 96,
    "weight_decay": 2.7186902127848315e-06
  }
}