{
  "best_val": 0.0534902298822999,
  "best_weights_path": "/lustre10/scratch/rsadve1/Extended_UPAIR_Narval_b32m16_portable_underUMI/optuna/runs_1dmrs/umiNorm_v1_b32_prb8_u34610_1dmrs_stageB_wide_d320_b4_r2/wide_d320_b4_r2_trial_0005/checkpoints/best.weights.h5",
  "checkpoint_metrics": {
    "last_loss": -1.6893213987350464,
    "last_nmse_ls": 0.15221939980983734,
    "last_nmse_prop": 0.07618790119886398
  },
  "last_metrics": {
    "ebno_db": -2.4883458614349365,
    "learning_rate": 6.056803613319062e-06,
    "loss": -1.6893213987350464,
    "loss_nll": -1.6986494064331055,
    "nmse_ls": 0.15221939980983734,
    "nmse_prop": 0.07618790119886398,
    "num_users": 4,
    "step": 10803,
    "step_elapsed_s": 0.45101693319156766,
    "steps_per_s": 1.619060988790129,
    "training_elapsed_s": 6672.386077360017
  },
  "latest_step": 10803,
  "latest_training_state_checkpoint": "/lustre10/scratch/rsadve1/Extended_UPAIR_Narval_b32m16_portable_underUMI/optuna/runs_1dmrs/umiNorm_v1_b32_prb8_u34610_1dmrs_stageB_wide_d320_b4_r2/wide_d320_b4_r2_trial_0005/checkpoints/training_state/ckpt-10803",
  "resume_enabled": true,
  "save_reason": "resource_exhausted",
  "total_steps": 12000,
  "training_complete": false,
  "training_parameters": {
    "batch_size_eval": 32,
    "batch_size_train": 32,
    "current_learning_rate": 6.056803613319062e-06,
    "eval_every": 1000,
    "evaluation_seed": 1007,
    "grad_clip_norm": 1.0,
    "learning_rate": 0.0004983159357242532,
    "learning_rate_schedule": {
      "decay_rate": 0.96,
      "decay_steps": 9000.0,
      "final_fraction": 0.012154545064008537,
      "learning_rate": 0.0004983159357242532,
      "polynomial_power": 1.0,
      "restart_first_decay_steps": 2500.0,
      "restart_m_mul": 0.8,
      "restart_t_mul": 2.0,
      "schedule": "cosine_decay"
    },
    "memory_cleanup_every_steps": 100,
    "nmse_loss_weight": 0.12243400701824686,
    "seed": 7,
    "training_seed": 7,
    "val_microbatch_size": 16,
    "val_steps": 96,
    "weight_decay": 7.693520676908999e-07
  }
}