{
  "best_val": 0.034983972242722906,
  "best_weights_path": "/scratch/rsadve1/Extended_UPAIR_Narval_b32m16_portable/optuna/runs_1dmrs/clean_b32_prb8_d256_40k_smart_u34610_1dmrs_stageA_mlpwide_d256_b4_r4/mlpwide_d256_b4_r4_trial_0002/checkpoints/best.weights.h5",
  "checkpoint_metrics": {
    "last_loss": -2.1474804878234863,
    "last_nmse_ls": 0.15066352486610413,
    "last_nmse_prop": 0.0449921153485775
  },
  "last_metrics": {
    "ebno_db": -3.3554575443267822,
    "learning_rate": 8.054466889007017e-06,
    "loss": -2.1474804878234863,
    "loss_nll": -2.161738872528076,
    "nmse_ls": 0.15066352486610413,
    "nmse_prop": 0.0449921153485775,
    "num_users": 3,
    "step": 4000,
    "step_elapsed_s": 165.4027034607716,
    "steps_per_s": 1.5201638218551832,
    "training_elapsed_s": 2631.295352838002,
    "val_batch_size": 32,
    "val_ebno_db": "multi",
    "val_ebno_db_values": [
      -4.0,
      -2.0,
      0.0,
      2.0,
      4.0
    ],
    "val_microbatch_size": 16,
    "val_nmse_ls": 0.09655974803414817,
    "val_nmse_prop": 0.034983972242722906,
    "val_snr_hist": {
      "-2.0": 21,
      "-4.0": 21,
      "0.0": 22,
      "2.0": 17,
      "4.0": 15
    },
    "val_user_count_hist": {
      "1": 5,
      "2": 16,
      "3": 25,
      "4": 50
    }
  },
  "latest_step": 4000,
  "latest_training_state_checkpoint": "/scratch/rsadve1/Extended_UPAIR_Narval_b32m16_portable/optuna/runs_1dmrs/clean_b32_prb8_d256_40k_smart_u34610_1dmrs_stageA_mlpwide_d256_b4_r4/mlpwide_d256_b4_r4_trial_0002/checkpoints/training_state/ckpt-4000",
  "resume_enabled": true,
  "save_reason": "final",
  "total_steps": 4000,
  "training_complete": true,
  "training_parameters": {
    "batch_size_eval": 32,
    "batch_size_train": 32,
    "current_learning_rate": 8.054466889007017e-06,
    "eval_every": 1000,
    "evaluation_seed": 1007,
    "grad_clip_norm": 0.5,
    "learning_rate": 0.0002210893178410695,
    "learning_rate_schedule": {
      "decay_rate": 0.96,
      "decay_steps": 4000.0,
      "final_fraction": 0.036430683993363126,
      "learning_rate": 0.0002210893178410695,
      "polynomial_power": 1.0,
      "restart_first_decay_steps": 2500.0,
      "restart_m_mul": 0.8,
      "restart_t_mul": 2.0,
      "schedule": "cosine_decay"
    },
    "memory_cleanup_every_steps": 100,
    "nmse_loss_weight": 0.3169058880316735,
    "seed": 7,
    "training_seed": 7,
    "val_microbatch_size": 16,
    "val_steps": 96,
    "weight_decay": 1.613671536589336e-06
  }
}