{
  "params": {
    "batch_size_eval": 32,
    "batch_size_train": 32,
    "dropout": 0.07833142268082115,
    "grad_clip_norm": 1.0,
    "learning_rate": 0.0009805566574020723,
    "learning_rate_decay_fraction": 1.0,
    "learning_rate_final_fraction": 0.013657500320054044,
    "learning_rate_polynomial_power": 1.0,
    "learning_rate_schedule": "cosine_decay",
    "nmse_loss_weight": 0.3408081657028748,
    "residual_scale": 0.6542029067440066,
    "weight_decay": 2.2348232013242729e-07
  },
  "stage": "A",
  "study_name": "umiNorm_v1_b32_prb8_u34610_1dmrs_stageA_mlpwide_d256_b4_r4",
  "trial_id": 20,
  "trial_number": 19
}