{
  "best_val": 0.01985316585341934,
  "best_weights_path": "/scratch/rsadve1/Extended_UPAIR_Narval_b32m16_portable/TWC_plots_comprehensive/runs_rx16/seed7/1dmrs/mlpwide_d256_b4_r4/checkpoints/best.weights.h5",
  "checkpoint_metrics": {
    "last_loss": -2.6503870487213135,
    "last_nmse_ls": 0.13623717427253723,
    "last_nmse_prop": 0.02811295911669731
  },
  "last_metrics": {
    "ebno_db": -2.8716540336608887,
    "learning_rate": 0.00015628768596798182,
    "loss": -2.6503870487213135,
    "loss_nll": -2.6623120307922363,
    "nmse_ls": 0.13623717427253723,
    "nmse_prop": 0.02811295911669731,
    "num_users": 4,
    "step": 40000,
    "step_elapsed_s": 163.2190035179956,
    "steps_per_s": 1.6991519789559957,
    "training_elapsed_s": 6004.171566965058,
    "val_batch_size": 32,
    "val_ebno_db": "multi",
    "val_ebno_db_values": [
      -4.0,
      -2.0,
      0.0,
      2.0,
      4.0
    ],
    "val_microbatch_size": 16,
    "val_nmse_ls": 0.09244493851050113,
    "val_nmse_prop": 0.02097195010477056,
    "val_snr_hist": {
      "-2.0": 24,
      "-4.0": 16,
      "0.0": 20,
      "2.0": 22,
      "4.0": 14
    },
    "val_user_count_hist": {
      "1": 3,
      "2": 11,
      "3": 29,
      "4": 53
    }
  },
  "latest_step": 40000,
  "latest_training_state_checkpoint": "/scratch/rsadve1/Extended_UPAIR_Narval_b32m16_portable/TWC_plots_comprehensive/runs_rx16/seed7/1dmrs/mlpwide_d256_b4_r4/checkpoints/training_state/ckpt-40000",
  "resume_enabled": true,
  "save_reason": "final",
  "total_steps": 40000,
  "training_complete": true,
  "training_parameters": {
    "batch_size_eval": 32,
    "batch_size_train": 32,
    "current_learning_rate": 0.00015628768596798182,
    "eval_every": 2000,
    "evaluation_seed": 1007,
    "grad_clip_norm": 0.5,
    "learning_rate": 0.0009916776979607758,
    "learning_rate_schedule": {
      "decay_rate": 0.96,
      "decay_steps": 50000.0,
      "final_fraction": 0.06864563080708674,
      "learning_rate": 0.0009916776979607758,
      "polynomial_power": 1.0,
      "restart_first_decay_steps": 2500.0,
      "restart_m_mul": 0.8,
      "restart_t_mul": 2.0,
      "schedule": "cosine_decay"
    },
    "memory_cleanup_every_steps": 100,
    "nmse_loss_weight": 0.42417983955700533,
    "seed": 7,
    "training_seed": 7,
    "val_microbatch_size": 16,
    "val_steps": 96,
    "weight_decay": 1.4653849050497994e-07
  }
}