{
  "best_val": 0.06341741637637217,
  "best_weights_path": "/lustre10/scratch/rsadve1/Extended_UPAIR_Narval_b32m16_portable_underUMI/optuna/runs_1dmrs/umiNorm_v1_b32_prb8_u34610_1dmrs_stageB_narrow_d192_b4_r2/narrow_d192_b4_r2_trial_0003/checkpoints/best.weights.h5",
  "checkpoint_metrics": {
    "last_loss": -2.024007558822632,
    "last_nmse_ls": 0.07893412560224533,
    "last_nmse_prop": 0.054592326283454895
  },
  "last_metrics": {
    "ebno_db": 1.4113502502441406,
    "learning_rate": 0.0006176828755997121,
    "loss": -2.024007558822632,
    "loss_nll": -2.0502803325653076,
    "nmse_ls": 0.07893412560224533,
    "nmse_prop": 0.054592326283454895,
    "num_users": 4,
    "step": 7133,
    "step_elapsed_s": 0.4024249219801277,
    "steps_per_s": 1.693105490480803,
    "training_elapsed_s": 4212.968441779958
  },
  "latest_step": 7133,
  "latest_training_state_checkpoint": "/lustre10/scratch/rsadve1/Extended_UPAIR_Narval_b32m16_portable_underUMI/optuna/runs_1dmrs/umiNorm_v1_b32_prb8_u34610_1dmrs_stageB_narrow_d192_b4_r2/narrow_d192_b4_r2_trial_0003/checkpoints/training_state/ckpt-7133",
  "resume_enabled": true,
  "save_reason": "resource_exhausted",
  "total_steps": 12000,
  "training_complete": false,
  "training_parameters": {
    "batch_size_eval": 32,
    "batch_size_train": 32,
    "current_learning_rate": 0.0006176828755997121,
    "eval_every": 1000,
    "evaluation_seed": 1007,
    "grad_clip_norm": 0.5,
    "learning_rate": 0.0006176828477264028,
    "learning_rate_schedule": {
      "decay_rate": 0.96,
      "decay_steps": 12000.0,
      "final_fraction": 0.05,
      "learning_rate": 0.0006176828477264028,
      "polynomial_power": 1.0,
      "restart_first_decay_steps": 2500.0,
      "restart_m_mul": 0.8,
      "restart_t_mul": 2.0,
      "schedule": "constant"
    },
    "memory_cleanup_every_steps": 100,
    "nmse_loss_weight": 0.481254987205617,
    "seed": 7,
    "training_seed": 7,
    "val_microbatch_size": 16,
    "val_steps": 96,
    "weight_decay": 1.3641190130700651e-06
  }
}