{
  "params": {
    "batch_size_eval": 32,
    "batch_size_train": 32,
    "dropout": 0.06566487057052955,
    "grad_clip_norm": 1.0,
    "learning_rate": 0.0003247642930015399,
    "learning_rate_decay_fraction": 1.25,
    "learning_rate_final_fraction": 0.041327343398035635,
    "learning_rate_polynomial_power": 0.7244941429377802,
    "learning_rate_schedule": "polynomial_decay",
    "nmse_loss_weight": 0.4205144536999986,
    "residual_scale": 0.346250285523684,
    "weight_decay": 2.75475627504332e-07
  },
  "stage": "A",
  "study_name": "umiNorm_v1_b32_prb8_u34610_1dmrs_stageA_deep_d256_b6_r2",
  "trial_id": 18,
  "trial_number": 17
}