{
  "best_val": 0.05744734292966314,
  "best_weights_path": "/lustre10/scratch/rsadve1/Extended_UPAIR_Narval_b32m16_portable_underUMI/optuna/runs_1dmrs/umiNorm_v1_b32_prb8_u34610_1dmrs_stageB_wide_deep_d320_b6_r2/wide_deep_d320_b6_r2_trial_0005/checkpoints/best.weights.h5",
  "checkpoint_metrics": {
    "last_loss": -2.0010032653808594,
    "last_nmse_ls": 0.0966290533542633,
    "last_nmse_prop": 0.05663750320672989
  },
  "last_metrics": {
    "ebno_db": -0.3534870147705078,
    "learning_rate": 0.00017243027104996145,
    "loss": -2.0010032653808594,
    "loss_nll": -2.004295587539673,
    "nmse_ls": 0.0966290533542633,
    "nmse_prop": 0.05663750320672989,
    "num_users": 4,
    "step": 5298,
    "step_elapsed_s": 0.5281457758974284,
    "steps_per_s": 1.379523384696573,
    "training_elapsed_s": 3840.4568264461122
  },
  "latest_step": 5298,
  "latest_training_state_checkpoint": "/lustre10/scratch/rsadve1/Extended_UPAIR_Narval_b32m16_portable_underUMI/optuna/runs_1dmrs/umiNorm_v1_b32_prb8_u34610_1dmrs_stageB_wide_deep_d320_b6_r2/wide_deep_d320_b6_r2_trial_0005/checkpoints/training_state/ckpt-5298",
  "resume_enabled": true,
  "save_reason": "resource_exhausted",
  "total_steps": 12000,
  "training_complete": false,
  "training_parameters": {
    "batch_size_eval": 32,
    "batch_size_train": 32,
    "current_learning_rate": 0.00017235537234228104,
    "eval_every": 1000,
    "evaluation_seed": 1007,
    "grad_clip_norm": 0.5,
    "learning_rate": 0.0004568972058255479,
    "learning_rate_schedule": {
      "decay_rate": 0.96,
      "decay_steps": 9000.0,
      "final_fraction": 0.02308016679308127,
      "learning_rate": 0.0004568972058255479,
      "polynomial_power": 1.0,
      "restart_first_decay_steps": 2500.0,
      "restart_m_mul": 0.8,
      "restart_t_mul": 2.0,
      "schedule": "cosine_decay"
    },
    "memory_cleanup_every_steps": 100,
    "nmse_loss_weight": 0.05813033561196787,
    "seed": 7,
    "training_seed": 7,
    "val_microbatch_size": 16,
    "val_steps": 96,
    "weight_decay": 9.040091747332144e-06
  }
}