{
  "params": {
    "batch_size_eval": 32,
    "batch_size_train": 32,
    "dropout": 0.09526144347029343,
    "grad_clip_norm": 0.5,
    "learning_rate": 0.0008314001560313905,
    "learning_rate_decay_fraction": 1.25,
    "learning_rate_final_fraction": 0.0433813278565278,
    "learning_rate_polynomial_power": 1.0,
    "learning_rate_schedule": "cosine_decay",
    "nmse_loss_weight": 0.36985863861304485,
    "residual_scale": 0.42363058086428695,
    "weight_decay": 4.1712033301501554e-05
  },
  "stage": "A",
  "study_name": "clean_b32_prb8_d256_40k_smart_u34610_1dmrs_stageA_wide_deep_d320_b6_r2",
  "trial_id": 17,
  "trial_number": 16
}