{
  "params": {
    "batch_size_eval": 32,
    "batch_size_train": 32,
    "dropout": 0.0007097110739582094,
    "grad_clip_norm": 0.5,
    "learning_rate": 0.0008615971613699449,
    "learning_rate_decay_fraction": 0.75,
    "learning_rate_final_fraction": 0.07768497444401992,
    "learning_rate_polynomial_power": 1.0,
    "learning_rate_schedule": "cosine_decay",
    "nmse_loss_weight": 0.4267510938161323,
    "residual_scale": 0.6720409418294683,
    "weight_decay": 6.619729995534349e-07
  },
  "stage": "A",
  "study_name": "clean_b32_prb8_d256_40k_smart_u34610_1dmrs_stageA_mlpwide_d256_b4_r4",
  "trial_id": 19,
  "trial_number": 18
}