{
  "params": {
    "batch_size_eval": 32,
    "batch_size_train": 32,
    "dropout": 0.07290353739011497,
    "grad_clip_norm": 0.5,
    "learning_rate": 0.000750458806300109,
    "learning_rate_decay_fraction": 1.25,
    "learning_rate_final_fraction": 0.11119781083032226,
    "learning_rate_polynomial_power": 1.9505272532281706,
    "learning_rate_schedule": "polynomial_decay",
    "nmse_loss_weight": 0.08617404639342321,
    "residual_scale": 0.20323389518924126,
    "weight_decay": 1.3231649881436467e-05
  },
  "stage": "A",
  "study_name": "clean_b32_prb8_d256_40k_smart_u34610_1dmrs_stageA_deep_d256_b6_r2",
  "trial_id": 16,
  "trial_number": 15
}