{
  "params": {
    "batch_size_eval": 32,
    "batch_size_train": 32,
    "dropout": 0.09865207564190084,
    "grad_clip_norm": 0.5,
    "learning_rate": 0.0010275790476240655,
    "learning_rate_decay_fraction": 1.25,
    "learning_rate_final_fraction": 0.14066275558816055,
    "learning_rate_polynomial_power": 1.955717493414353,
    "learning_rate_schedule": "polynomial_decay",
    "nmse_loss_weight": 0.11425472442961164,
    "residual_scale": 0.6013523324321208,
    "weight_decay": 1.1778985639158257e-07
  },
  "stage": "A",
  "study_name": "clean_b32_prb8_d256_40k_smart_u34610_1dmrs_stageA_shallow_d256_b2_r2",
  "trial_id": 14,
  "trial_number": 13
}