{
  "best_val": 0.06198180348534758,
  "best_weights_path": "/lustre10/scratch/rsadve1/Extended_UPAIR_Narval_b32m16_portable_underUMI/optuna/runs_1dmrs/umiNorm_v1_b32_prb8_u34610_1dmrs_stageB_mlpwide_d256_b4_r4/mlpwide_d256_b4_r4_trial_0000/checkpoints/best.weights.h5",
  "checkpoint_metrics": {
    "last_loss": -2.1075263023376465,
    "last_nmse_ls": 0.08007282018661499,
    "last_nmse_prop": 0.051157236099243164
  },
  "last_metrics": {
    "ebno_db": 1.3401098251342773,
    "learning_rate": 0.0006323133129626513,
    "loss": -2.1075263023376465,
    "loss_nll": -2.1292262077331543,
    "nmse_ls": 0.08007282018661499,
    "nmse_prop": 0.051157236099243164,
    "num_users": 4,
    "step": 6433,
    "step_elapsed_s": 0.467405617935583,
    "steps_per_s": 1.5222091656995116,
    "training_elapsed_s": 4226.0946425478905
  },
  "latest_step": 6433,
  "latest_training_state_checkpoint": "/lustre10/scratch/rsadve1/Extended_UPAIR_Narval_b32m16_portable_underUMI/optuna/runs_1dmrs/umiNorm_v1_b32_prb8_u34610_1dmrs_stageB_mlpwide_d256_b4_r4/mlpwide_d256_b4_r4_trial_0000/checkpoints/training_state/ckpt-6433",
  "resume_enabled": true,
  "save_reason": "resource_exhausted",
  "total_steps": 12000,
  "training_complete": false,
  "training_parameters": {
    "batch_size_eval": 32,
    "batch_size_train": 32,
    "current_learning_rate": 0.0006322189583443105,
    "eval_every": 1000,
    "evaluation_seed": 1007,
    "grad_clip_norm": 0.5,
    "learning_rate": 0.0009916776979607758,
    "learning_rate_schedule": {
      "decay_rate": 0.96,
      "decay_steps": 15000.0,
      "final_fraction": 0.06864563080708674,
      "learning_rate": 0.0009916776979607758,
      "polynomial_power": 1.0,
      "restart_first_decay_steps": 2500.0,
      "restart_m_mul": 0.8,
      "restart_t_mul": 2.0,
      "schedule": "cosine_decay"
    },
    "memory_cleanup_every_steps": 100,
    "nmse_loss_weight": 0.42417983955700533,
    "seed": 7,
    "training_seed": 7,
    "val_microbatch_size": 16,
    "val_steps": 96,
    "weight_decay": 1.4653849050497994e-07
  }
}