{
  "best_val": 0.062443853627579905,
  "best_weights_path": "/lustre10/scratch/rsadve1/Extended_UPAIR_Narval_b32m16_portable_underUMI/optuna/runs_1dmrs/umiNorm_v1_b32_prb8_u34610_1dmrs_stageB_mlpwide_d256_b4_r4/mlpwide_d256_b4_r4_trial_0000/checkpoints/best.weights.h5",
  "checkpoint_metrics": {
    "last_loss": -1.177825927734375,
    "last_nmse_ls": 0.2513401210308075,
    "last_nmse_prop": 0.11462334543466568
  },
  "last_metrics": {
    "ebno_db": -5.393690586090088,
    "learning_rate": 0.00015632744180038571,
    "loss": -1.177825927734375,
    "loss_nll": -1.2264468669891357,
    "nmse_ls": 0.2513401210308075,
    "nmse_prop": 0.11462334543466568,
    "num_users": 3,
    "step": 12000,
    "step_elapsed_s": 164.98417695704848,
    "steps_per_s": 1.7628546933358593,
    "training_elapsed_s": 6807.1407390318345,
    "val_batch_size": 8,
    "val_ebno_db": "multi",
    "val_ebno_db_values": [
      -4.0,
      -2.0,
      0.0,
      2.0,
      4.0
    ],
    "val_microbatch_size": 4,
    "val_nmse_ls": 0.10998756702368458,
    "val_nmse_prop": 0.06410443251176427,
    "val_snr_hist": {
      "-2.0": 23,
      "-4.0": 16,
      "0.0": 19,
      "2.0": 24,
      "4.0": 14
    },
    "val_user_count_hist": {
      "1": 9,
      "2": 11,
      "3": 28,
      "4": 48
    }
  },
  "latest_step": 12000,
  "latest_training_state_checkpoint": "/lustre10/scratch/rsadve1/Extended_UPAIR_Narval_b32m16_portable_underUMI/optuna/runs_1dmrs/umiNorm_v1_b32_prb8_u34610_1dmrs_stageB_mlpwide_d256_b4_r4/mlpwide_d256_b4_r4_trial_0000/checkpoints/training_state/ckpt-12000",
  "resume_enabled": true,
  "save_reason": "final",
  "total_steps": 12000,
  "training_complete": true,
  "training_parameters": {
    "batch_size_eval": 8,
    "batch_size_train": 8,
    "current_learning_rate": 0.00015632744180038571,
    "eval_every": 1000,
    "evaluation_seed": 1007,
    "grad_clip_norm": 0.5,
    "learning_rate": 0.0009916776979607758,
    "learning_rate_schedule": {
      "decay_rate": 0.96,
      "decay_steps": 15000.0,
      "final_fraction": 0.06864563080708674,
      "learning_rate": 0.0009916776979607758,
      "polynomial_power": 1.0,
      "restart_first_decay_steps": 2500.0,
      "restart_m_mul": 0.8,
      "restart_t_mul": 2.0,
      "schedule": "cosine_decay"
    },
    "memory_cleanup_every_steps": 10,
    "nmse_loss_weight": 0.42417983955700533,
    "seed": 7,
    "training_seed": 7,
    "val_microbatch_size": 4,
    "val_steps": 96,
    "weight_decay": 1.4653849050497994e-07
  }
}