{
  "best_val": 0.07324957395515715,
  "best_weights_path": "/scratch/rsadve1/Extended_UPAIR_Narval_b32m16_portable_underUMI/optuna/runs_1dmrs/umiNorm_v1_b32_prb8_u34610_1dmrs_stageA_shallow_d256_b2_r2/shallow_d256_b2_r2_trial_0012/checkpoints/best.weights.h5",
  "checkpoint_metrics": {
    "last_loss": -0.9649395942687988,
    "last_nmse_ls": 0.24963220953941345,
    "last_nmse_prop": 0.13875453174114227
  },
  "last_metrics": {
    "ebno_db": -5.560998439788818,
    "learning_rate": 8.313997386721894e-05,
    "loss": -0.9649395942687988,
    "loss_nll": -1.0152857303619385,
    "nmse_ls": 0.24963220953941345,
    "nmse_prop": 0.13875453174114227,
    "num_users": 4,
    "step": 3000,
    "step_elapsed_s": 140.74403571803123,
    "steps_per_s": 1.7407528550074691,
    "training_elapsed_s": 1723.3922617849894,
    "val_batch_size": 32,
    "val_ebno_db": "multi",
    "val_ebno_db_values": [
      -4.0,
      -2.0,
      0.0,
      2.0,
      4.0
    ],
    "val_microbatch_size": 16,
    "val_nmse_ls": 0.11448401730740443,
    "val_nmse_prop": 0.07324957395515715,
    "val_snr_hist": {
      "-2.0": 15,
      "-4.0": 23,
      "0.0": 28,
      "2.0": 18,
      "4.0": 12
    },
    "val_user_count_hist": {
      "1": 2,
      "2": 18,
      "3": 24,
      "4": 52
    }
  },
  "latest_step": 3000,
  "latest_training_state_checkpoint": "/scratch/rsadve1/Extended_UPAIR_Narval_b32m16_portable_underUMI/optuna/runs_1dmrs/umiNorm_v1_b32_prb8_u34610_1dmrs_stageA_shallow_d256_b2_r2/shallow_d256_b2_r2_trial_0012/checkpoints/training_state/ckpt-3000",
  "resume_enabled": true,
  "save_reason": "periodic",
  "total_steps": 4000,
  "training_complete": false,
  "training_parameters": {
    "batch_size_eval": 32,
    "batch_size_train": 32,
    "current_learning_rate": 8.313997386721894e-05,
    "eval_every": 1000,
    "evaluation_seed": 1007,
    "grad_clip_norm": 0.5,
    "learning_rate": 0.0006537727499905641,
    "learning_rate_schedule": {
      "decay_rate": 0.96,
      "decay_steps": 3000.0,
      "final_fraction": 0.12715889599091257,
      "learning_rate": 0.0006537727499905641,
      "polynomial_power": 1.4132731949540764,
      "restart_first_decay_steps": 2500.0,
      "restart_m_mul": 0.8,
      "restart_t_mul": 2.0,
      "schedule": "polynomial_decay"
    },
    "memory_cleanup_every_steps": 100,
    "nmse_loss_weight": 0.36284324419302166,
    "seed": 7,
    "training_seed": 7,
    "val_microbatch_size": 16,
    "val_steps": 96,
    "weight_decay": 2.2499915939443214e-06
  }
}