{
  "params": {
    "batch_size_eval": 32,
    "batch_size_train": 32,
    "dropout": 0.029066727356288194,
    "grad_clip_norm": 0.5,
    "learning_rate": 0.00047033526840984,
    "learning_rate_decay_fraction": 1.0,
    "learning_rate_final_fraction": 0.14729818799371538,
    "learning_rate_polynomial_power": 1.9014867108139766,
    "learning_rate_schedule": "polynomial_decay",
    "nmse_loss_weight": 0.10689869727463047,
    "residual_scale": 0.7264252456757452,
    "weight_decay": 4.955462842401963e-07
  },
  "stage": "A",
  "study_name": "umiNorm_v1_b32_prb8_u34610_1dmrs_stageA_shallow_d256_b2_r2",
  "trial_id": 9,
  "trial_number": 8
}