{
  "best_val": 0.01835589076896819,
  "best_weights_path": "/scratch/rsadve1/Extended_UPAIR_Narval_b32m16_portable/TWC_plots_comprehensive/runs_rx16/seed7/1dmrs/wide_deep_d320_b6_r2/checkpoints/best.weights.h5",
  "checkpoint_metrics": {
    "last_loss": -3.7215890884399414,
    "last_nmse_ls": 0.04071728512644768,
    "last_nmse_prop": 0.012317882850766182
  },
  "last_metrics": {
    "ebno_db": 4.075580596923828,
    "learning_rate": 0.00020197038247715682,
    "loss": -3.7215890884399414,
    "loss_nll": -3.724882125854492,
    "nmse_ls": 0.04071728512644768,
    "nmse_prop": 0.012317882850766182,
    "num_users": 2,
    "step": 40000,
    "step_elapsed_s": 219.78165772603825,
    "steps_per_s": 1.2315737024462503,
    "training_elapsed_s": 862.3113646309357,
    "val_batch_size": 32,
    "val_ebno_db": "multi",
    "val_ebno_db_values": [
      -4.0,
      -2.0,
      0.0,
      2.0,
      4.0
    ],
    "val_microbatch_size": 16,
    "val_nmse_ls": 0.08844277097765978,
    "val_nmse_prop": 0.01835589076896819,
    "val_snr_hist": {
      "-2.0": 23,
      "-4.0": 12,
      "0.0": 26,
      "2.0": 21,
      "4.0": 14
    },
    "val_user_count_hist": {
      "1": 5,
      "2": 11,
      "3": 32,
      "4": 48
    }
  },
  "latest_step": 40000,
  "latest_training_state_checkpoint": "/scratch/rsadve1/Extended_UPAIR_Narval_b32m16_portable/TWC_plots_comprehensive/runs_rx16/seed7/1dmrs/wide_deep_d320_b6_r2/checkpoints/training_state/ckpt-40000",
  "resume_enabled": true,
  "save_reason": "final",
  "total_steps": 40000,
  "training_complete": true,
  "training_parameters": {
    "batch_size_eval": 32,
    "batch_size_train": 32,
    "current_learning_rate": 0.00020197038247715682,
    "eval_every": 2000,
    "evaluation_seed": 1007,
    "grad_clip_norm": 0.5,
    "learning_rate": 0.001199270587979418,
    "learning_rate_schedule": {
      "decay_rate": 0.96,
      "decay_steps": 50000.0,
      "final_fraction": 0.08059905686377618,
      "learning_rate": 0.001199270587979418,
      "polynomial_power": 1.0,
      "restart_first_decay_steps": 2500.0,
      "restart_m_mul": 0.8,
      "restart_t_mul": 2.0,
      "schedule": "cosine_decay"
    },
    "memory_cleanup_every_steps": 100,
    "nmse_loss_weight": 0.26734213832907167,
    "seed": 7,
    "training_seed": 7,
    "val_microbatch_size": 16,
    "val_steps": 96,
    "weight_decay": 8.271896538834887e-06
  }
}