{
  "best_val": 0.05463896967315426,
  "best_weights_path": "/lustre10/scratch/rsadve1/Extended_UPAIR_Narval_b32m16_portable_underUMI/UMI_training/runs_rx16/seed7/1dmrs/shallow_d256_b2_r2/checkpoints/best.weights.h5",
  "checkpoint_metrics": {
    "last_loss": -2.242763042449951,
    "last_nmse_ls": 0.0649152547121048,
    "last_nmse_prop": 0.046856023371219635
  },
  "last_metrics": {
    "ebno_db": 3.420572280883789,
    "learning_rate": 0.00048650536336936057,
    "loss": -2.242763042449951,
    "loss_nll": -2.266173839569092,
    "nmse_ls": 0.0649152547121048,
    "nmse_prop": 0.046856023371219635,
    "num_users": 4,
    "step": 40000,
    "step_elapsed_s": 133.2286190430168,
    "steps_per_s": 2.0301592997093096,
    "training_elapsed_s": 9535.704908857122,
    "val_batch_size": 16,
    "val_ebno_db": "multi",
    "val_ebno_db_values": [
      -4.0,
      -2.0,
      0.0,
      2.0,
      4.0
    ],
    "val_microbatch_size": 8,
    "val_nmse_ls": 0.1111271507688798,
    "val_nmse_prop": 0.05703405291812184,
    "val_snr_hist": {
      "-2.0": 21,
      "-4.0": 20,
      "0.0": 17,
      "2.0": 18,
      "4.0": 20
    },
    "val_user_count_hist": {
      "1": 1,
      "2": 12,
      "3": 42,
      "4": 41
    }
  },
  "latest_step": 40000,
  "latest_training_state_checkpoint": "/lustre10/scratch/rsadve1/Extended_UPAIR_Narval_b32m16_portable_underUMI/UMI_training/runs_rx16/seed7/1dmrs/shallow_d256_b2_r2/checkpoints/training_state/ckpt-40000",
  "resume_enabled": true,
  "save_reason": "final",
  "total_steps": 40000,
  "training_complete": true,
  "training_parameters": {
    "batch_size_eval": 16,
    "batch_size_train": 16,
    "current_learning_rate": 0.00048650536336936057,
    "eval_every": 2000,
    "evaluation_seed": 1007,
    "grad_clip_norm": 0.5,
    "learning_rate": 0.0004865053541117016,
    "learning_rate_schedule": {
      "decay_rate": 0.96,
      "decay_steps": 40000.0,
      "final_fraction": 0.05,
      "learning_rate": 0.0004865053541117016,
      "polynomial_power": 1.0,
      "restart_first_decay_steps": 2500.0,
      "restart_m_mul": 0.8,
      "restart_t_mul": 2.0,
      "schedule": "constant"
    },
    "memory_cleanup_every_steps": 25,
    "nmse_loss_weight": 0.49963113076934834,
    "seed": 7,
    "training_seed": 7,
    "val_microbatch_size": 8,
    "val_steps": 96,
    "weight_decay": 1.4794310317901805e-07
  }
}