{
  "best_val": 0.06265924377172875,
  "best_weights_path": "/lustre10/scratch/rsadve1/Extended_UPAIR_Narval_b32m16_portable_underUMI/UMI_training/runs_rx16/seed7/1dmrs/shallow_d256_b2_r2/checkpoints/best.weights.h5",
  "checkpoint_metrics": {
    "last_loss": -1.9044935703277588,
    "last_nmse_ls": 0.09919935464859009,
    "last_nmse_prop": 0.057688768953084946
  },
  "last_metrics": {
    "ebno_db": -0.5339012145996094,
    "learning_rate": 0.00048650536336936057,
    "loss": -1.9044935703277588,
    "loss_nll": -1.933316707611084,
    "nmse_ls": 0.09919935464859009,
    "nmse_prop": 0.057688768953084946,
    "num_users": 3,
    "step": 17000,
    "step_elapsed_s": 0.3088436590041965,
    "steps_per_s": 1.999537733232608,
    "training_elapsed_s": 8501.965087958844
  },
  "latest_step": 17000,
  "latest_training_state_checkpoint": "/lustre10/scratch/rsadve1/Extended_UPAIR_Narval_b32m16_portable_underUMI/UMI_training/runs_rx16/seed7/1dmrs/shallow_d256_b2_r2/checkpoints/training_state/ckpt-17000",
  "resume_enabled": true,
  "save_reason": "periodic",
  "total_steps": 40000,
  "training_complete": false,
  "training_parameters": {
    "batch_size_eval": 16,
    "batch_size_train": 16,
    "current_learning_rate": 0.00048650536336936057,
    "eval_every": 2000,
    "evaluation_seed": 1007,
    "grad_clip_norm": 0.5,
    "learning_rate": 0.0004865053541117016,
    "learning_rate_schedule": {
      "decay_rate": 0.96,
      "decay_steps": 40000.0,
      "final_fraction": 0.05,
      "learning_rate": 0.0004865053541117016,
      "polynomial_power": 1.0,
      "restart_first_decay_steps": 2500.0,
      "restart_m_mul": 0.8,
      "restart_t_mul": 2.0,
      "schedule": "constant"
    },
    "memory_cleanup_every_steps": 25,
    "nmse_loss_weight": 0.49963113076934834,
    "seed": 7,
    "training_seed": 7,
    "val_microbatch_size": 8,
    "val_steps": 96,
    "weight_decay": 1.4794310317901805e-07
  }
}