{
  "best_val": 0.033417371819571905,
  "best_weights_path": "/scratch/rsadve1/Extended_UPAIR_Narval_b32m16_portable/optuna/runs_1dmrs/clean_b32_prb8_d256_40k_smart_u34610_1dmrs_stageA_narrow_d192_b4_r2/narrow_d192_b4_r2_trial_0001/checkpoints/best.weights.h5",
  "checkpoint_metrics": {
    "last_loss": -2.1873362064361572,
    "last_nmse_ls": 0.1487395167350769,
    "last_nmse_prop": 0.04294198751449585
  },
  "last_metrics": {
    "ebno_db": -3.3554575443267822,
    "learning_rate": 0.0009643418597988784,
    "loss": -2.1873362064361572,
    "loss_nll": -2.194314956665039,
    "nmse_ls": 0.1487395167350769,
    "nmse_prop": 0.04294198751449585,
    "num_users": 3,
    "step": 4000,
    "step_elapsed_s": 168.67777451965958,
    "steps_per_s": 1.521811995172469,
    "training_elapsed_s": 2628.445571916178,
    "val_batch_size": 32,
    "val_ebno_db": "multi",
    "val_ebno_db_values": [
      -4.0,
      -2.0,
      0.0,
      2.0,
      4.0
    ],
    "val_microbatch_size": 16,
    "val_nmse_ls": 0.0968194404267706,
    "val_nmse_prop": 0.033417371819571905,
    "val_snr_hist": {
      "-2.0": 21,
      "-4.0": 21,
      "0.0": 22,
      "2.0": 17,
      "4.0": 15
    },
    "val_user_count_hist": {
      "1": 5,
      "2": 16,
      "3": 25,
      "4": 50
    }
  },
  "latest_step": 4000,
  "latest_training_state_checkpoint": "/scratch/rsadve1/Extended_UPAIR_Narval_b32m16_portable/optuna/runs_1dmrs/clean_b32_prb8_d256_40k_smart_u34610_1dmrs_stageA_narrow_d192_b4_r2/narrow_d192_b4_r2_trial_0001/checkpoints/training_state/ckpt-4000",
  "resume_enabled": true,
  "save_reason": "final",
  "total_steps": 4000,
  "training_complete": true,
  "training_parameters": {
    "batch_size_eval": 32,
    "batch_size_train": 32,
    "current_learning_rate": 0.0009643418597988784,
    "eval_every": 1000,
    "evaluation_seed": 1007,
    "grad_clip_norm": 0.5,
    "learning_rate": 0.0009643418646698049,
    "learning_rate_schedule": {
      "decay_rate": 0.96,
      "decay_steps": 4000.0,
      "final_fraction": 0.05,
      "learning_rate": 0.0009643418646698049,
      "polynomial_power": 1.0,
      "restart_first_decay_steps": 2500.0,
      "restart_m_mul": 0.8,
      "restart_t_mul": 2.0,
      "schedule": "constant"
    },
    "memory_cleanup_every_steps": 100,
    "nmse_loss_weight": 0.16251789877216094,
    "seed": 7,
    "training_seed": 7,
    "val_microbatch_size": 16,
    "val_steps": 96,
    "weight_decay": 1.2083509754787337e-07
  }
}