{
  "params": {
    "batch_size_eval": 32,
    "batch_size_train": 32,
    "dropout": 0.04449072611140295,
    "grad_clip_norm": 1.0,
    "learning_rate": 0.0002302164487784171,
    "learning_rate_decay_fraction": 1.0,
    "learning_rate_final_fraction": 0.10943459432993709,
    "learning_rate_polynomial_power": 1.0,
    "learning_rate_schedule": "cosine_decay",
    "nmse_loss_weight": 0.4681193166426181,
    "residual_scale": 0.7455017041049733,
    "weight_decay": 1.986119026590735e-06
  },
  "stage": "A",
  "study_name": "umiNorm_v1_b32_prb8_u34610_1dmrs_stageA_mlpwide_d256_b4_r4",
  "trial_id": 15,
  "trial_number": 14
}