{
  "best_val": 0.04280571905352796,
  "best_weights_path": "/scratch/rsadve1/Extended_UPAIR_Narval_b32m16_portable/optuna/runs_1dmrs/clean_b32_prb8_d256_40k_smart_u34610_1dmrs_stageA_deep_d256_b6_r2/deep_d256_b6_r2_trial_0017/checkpoints/best.weights.h5",
  "checkpoint_metrics": {
    "last_loss": -2.0429563522338867,
    "last_nmse_ls": 0.11716113239526749,
    "last_nmse_prop": 0.04963526502251625
  },
  "last_metrics": {
    "ebno_db": -2.1212663650512695,
    "learning_rate": 0.000257625593803823,
    "loss": -2.0429563522338867,
    "loss_nll": -2.0479869842529297,
    "nmse_ls": 0.11716113239526749,
    "nmse_prop": 0.04963526502251625,
    "num_users": 1,
    "step": 1000,
    "step_elapsed_s": 211.0163352144882,
    "steps_per_s": 1.320345249408409,
    "training_elapsed_s": 757.3776634922251,
    "val_batch_size": 32,
    "val_ebno_db": "multi",
    "val_ebno_db_values": [
      -4.0,
      -2.0,
      0.0,
      2.0,
      4.0
    ],
    "val_microbatch_size": 16,
    "val_nmse_ls": 0.0898447892201754,
    "val_nmse_prop": 0.04280571905352796,
    "val_snr_hist": {
      "-2.0": 21,
      "-4.0": 15,
      "0.0": 23,
      "2.0": 21,
      "4.0": 16
    },
    "val_user_count_hist": {
      "1": 4,
      "2": 19,
      "3": 37,
      "4": 36
    }
  },
  "latest_step": 1000,
  "latest_training_state_checkpoint": "/scratch/rsadve1/Extended_UPAIR_Narval_b32m16_portable/optuna/runs_1dmrs/clean_b32_prb8_d256_40k_smart_u34610_1dmrs_stageA_deep_d256_b6_r2/deep_d256_b6_r2_trial_0017/checkpoints/training_state/ckpt-1000",
  "resume_enabled": true,
  "save_reason": "periodic",
  "total_steps": 4000,
  "training_complete": false,
  "training_parameters": {
    "batch_size_eval": 32,
    "batch_size_train": 32,
    "current_learning_rate": 0.000257625593803823,
    "eval_every": 1000,
    "evaluation_seed": 1007,
    "grad_clip_norm": 0.5,
    "learning_rate": 0.00032979429136872093,
    "learning_rate_schedule": {
      "decay_rate": 0.96,
      "decay_steps": 3000.0,
      "final_fraction": 0.12309237752321309,
      "learning_rate": 0.00032979429136872093,
      "polynomial_power": 1.0,
      "restart_first_decay_steps": 2500.0,
      "restart_m_mul": 0.8,
      "restart_t_mul": 2.0,
      "schedule": "cosine_decay"
    },
    "memory_cleanup_every_steps": 100,
    "nmse_loss_weight": 0.10135244587371907,
    "seed": 7,
    "training_seed": 7,
    "val_microbatch_size": 16,
    "val_steps": 96,
    "weight_decay": 2.0448917562232522e-07
  }
}