{
  "params": {
    "batch_size_eval": 32,
    "batch_size_train": 32,
    "dropout": 0.03619099447095018,
    "grad_clip_norm": 1.0,
    "learning_rate": 0.0009545118797493763,
    "learning_rate_decay_fraction": 1.0,
    "learning_rate_final_fraction": 0.13307791732468405,
    "learning_rate_polynomial_power": 1.0,
    "learning_rate_schedule": "cosine_decay",
    "nmse_loss_weight": 0.3230978162416107,
    "residual_scale": 0.677268484589155,
    "weight_decay": 9.741093918148283e-07
  },
  "stage": "A",
  "study_name": "umiNorm_v1_b32_prb8_u34610_1dmrs_stageA_narrow_d192_b4_r2",
  "trial_id": 20,
  "trial_number": 19
}