{
  "best_val": 0.0251316222177896,
  "best_weights_path": "/scratch/rsadve1/Extended_UPAIR_Narval_b32m16_portable/optuna/runs_1dmrs/clean_b32_prb8_d256_40k_smart_trueDMRS_u34610_1dmrs_stageB_wide_d320_b4_r2/wide_d320_b4_r2_trial_0003/checkpoints/best.weights.h5",
  "checkpoint_metrics": {
    "last_loss": -3.256709337234497,
    "last_nmse_ls": 0.03806077688932419,
    "last_nmse_prop": 0.017264220863580704
  },
  "last_metrics": {
    "ebno_db": 4.560781478881836,
    "learning_rate": 0.0010110675357282162,
    "loss": -3.256709337234497,
    "loss_nll": -3.263197660446167,
    "nmse_ls": 0.03806077688932419,
    "nmse_prop": 0.017264220863580704,
    "num_users": 3,
    "step": 12000,
    "step_elapsed_s": 154.6045796573162,
    "steps_per_s": 1.566507034755197,
    "training_elapsed_s": 7660.355002411641,
    "val_batch_size": 32,
    "val_ebno_db": "multi",
    "val_ebno_db_values": [
      -4.0,
      -2.0,
      0.0,
      2.0,
      4.0
    ],
    "val_microbatch_size": 16,
    "val_nmse_ls": 0.09133792321275298,
    "val_nmse_prop": 0.025331480234550934,
    "val_snr_hist": {
      "-2.0": 23,
      "-4.0": 16,
      "0.0": 19,
      "2.0": 24,
      "4.0": 14
    },
    "val_user_count_hist": {
      "1": 9,
      "2": 11,
      "3": 28,
      "4": 48
    }
  },
  "latest_step": 12000,
  "latest_training_state_checkpoint": "/scratch/rsadve1/Extended_UPAIR_Narval_b32m16_portable/optuna/runs_1dmrs/clean_b32_prb8_d256_40k_smart_trueDMRS_u34610_1dmrs_stageB_wide_d320_b4_r2/wide_d320_b4_r2_trial_0003/checkpoints/training_state/ckpt-12000",
  "resume_enabled": true,
  "save_reason": "final",
  "total_steps": 12000,
  "training_complete": true,
  "training_parameters": {
    "batch_size_eval": 32,
    "batch_size_train": 32,
    "current_learning_rate": 0.0010110675357282162,
    "eval_every": 1000,
    "evaluation_seed": 1007,
    "grad_clip_norm": 0.5,
    "learning_rate": 0.0010110675546482512,
    "learning_rate_schedule": {
      "decay_rate": 0.96,
      "decay_steps": 12000.0,
      "final_fraction": 0.05,
      "learning_rate": 0.0010110675546482512,
      "polynomial_power": 1.0,
      "restart_first_decay_steps": 2500.0,
      "restart_m_mul": 0.8,
      "restart_t_mul": 2.0,
      "schedule": "constant"
    },
    "memory_cleanup_every_steps": 100,
    "nmse_loss_weight": 0.37583144026946375,
    "seed": 7,
    "training_seed": 7,
    "val_microbatch_size": 16,
    "val_steps": 96,
    "weight_decay": 3.4747882203885435e-07
  }
}