{
  "best_val": 0.032004451107544206,
  "best_weights_path": "/scratch/rsadve1/Extended_UPAIR_Narval_b32m16_portable/optuna/runs_1dmrs/clean_b32_prb8_d256_40k_smart_u34610_1dmrs_stageA_wide_deep_d320_b6_r2/wide_deep_d320_b6_r2_trial_0014/checkpoints/best.weights.h5",
  "checkpoint_metrics": {
    "last_loss": -2.252236843109131,
    "last_nmse_ls": 0.13073046505451202,
    "last_nmse_prop": 0.04040868207812309
  },
  "last_metrics": {
    "ebno_db": -2.702249526977539,
    "learning_rate": 0.0007991570164449513,
    "loss": -2.252236843109131,
    "loss_nll": -2.266465663909912,
    "nmse_ls": 0.13073046505451202,
    "nmse_prop": 0.04040868207812309,
    "num_users": 4,
    "step": 2000,
    "step_elapsed_s": 237.4579287758097,
    "steps_per_s": 1.2082133701191764,
    "training_elapsed_s": 1655.3367554629222,
    "val_batch_size": 32,
    "val_ebno_db": "multi",
    "val_ebno_db_values": [
      -4.0,
      -2.0,
      0.0,
      2.0,
      4.0
    ],
    "val_microbatch_size": 16,
    "val_nmse_ls": 0.09627999151901652,
    "val_nmse_prop": 0.032004451107544206,
    "val_snr_hist": {
      "-2.0": 22,
      "-4.0": 20,
      "0.0": 20,
      "2.0": 23,
      "4.0": 11
    },
    "val_user_count_hist": {
      "1": 7,
      "2": 18,
      "3": 25,
      "4": 46
    }
  },
  "latest_step": 2000,
  "latest_training_state_checkpoint": "/scratch/rsadve1/Extended_UPAIR_Narval_b32m16_portable/optuna/runs_1dmrs/clean_b32_prb8_d256_40k_smart_u34610_1dmrs_stageA_wide_deep_d320_b6_r2/wide_deep_d320_b6_r2_trial_0014/checkpoints/training_state/ckpt-2000",
  "resume_enabled": true,
  "save_reason": "periodic",
  "total_steps": 4000,
  "training_complete": false,
  "training_parameters": {
    "batch_size_eval": 32,
    "batch_size_train": 32,
    "current_learning_rate": 0.0007991570164449513,
    "eval_every": 1000,
    "evaluation_seed": 1007,
    "grad_clip_norm": 0.5,
    "learning_rate": 0.001188756064609889,
    "learning_rate_schedule": {
      "decay_rate": 0.96,
      "decay_steps": 5000.0,
      "final_fraction": 0.05056886718349514,
      "learning_rate": 0.001188756064609889,
      "polynomial_power": 1.0,
      "restart_first_decay_steps": 2500.0,
      "restart_m_mul": 0.8,
      "restart_t_mul": 2.0,
      "schedule": "cosine_decay"
    },
    "memory_cleanup_every_steps": 100,
    "nmse_loss_weight": 0.3521252362675875,
    "seed": 7,
    "training_seed": 7,
    "val_microbatch_size": 16,
    "val_steps": 96,
    "weight_decay": 2.2972244313091374e-05
  }
}